lugar_de_instalacion,lat,lon,formatted_address
"Autopista AP01 Brigadier Estanislao López - km 10,8 (carril sentido descendente), en jurisdicción de la localidad de Fray Luis Beltrán, provincia de Santa Fe",,,
"Autopista AP01 Brigadier Estanislao López - km 10,8 (carril sentido ascendente), en jurisdicción de la localidad de Fray Luis Beltrán, provincia de Santa Fe",-31.4407516,-68.5197642,"8, Salvador María del Carril, Barrio Pintor, Villa General San Martín, Albardón, San Juan, 5419, Argentina (approx)"
"Ruta Nacional 34, km 119,7, Casas, Pcia. de Santa Fe, sentido de circulación descendente",-34.9964963,-64.9672817,Argentina (approx)
"Ruta Nacional 34, km 119,7, Casas, Pcia. de Santa Fe, sentido de circulación ascendente",,,
"Ruta Provincial 66, km 92, Landeta, Pcia. de Santa Fe, sentido de circulación Córdoba - Cañada Rosquin",-34.9964963,-64.9672817,Argentina (approx)
"Ruta Provincial 66, km 92, Landeta, Pcia. de Santa Fe, sentido de circulación Cañada Rosquin - Córdoba",,,
"Ruta Nacional 34, km 95,4, Centeno, Pcia. de Santa Fe, sentido de circulación San Francisco - Rosario",,,
"Ruta Nacional 34, km 95,4, Centeno, Pcia. de Santa Fe, sentido de circulación Rosario - San Francisco.",,,
"Ruta Provincial 13, km 52, Pellegrini, Pcia. de Santa Fe, sentido de circulación San Jorge - Trébol",,,
"Ruta Provincial 13, km 51,1, Pellegrini, Pcia. de Santa Fe, sentido de circulación Trébol - San Jorge",,,
"Ruta Nacional 2, km 203, Dolores, Pcia. de Buenos Aires, sentido de circulación Buenos Aires - Mar del Plata.",,,
"Ruta Nacional 2, km 152,7, Lezama, Pcia. de Buenos Aires, sentido de circulación Buenos Aires - Mar del Plata",,,
"Ruta Nacional 2, km 113,5, Chascomús, Pcia. de Buenos 
Aires,sentido de circulación Mar del Plata - Buenos Aires",,,
"Ruta Nacional 2, km 114, Chascomús, Pcia. de Buenos Aires, sentido de circulación Buenos Aires - Mar del Plata",,,
"Ruta Provincial Nº 36, km 106, Paraje Starace, Pcia. de Buenos Aires,sentido de circulación Buenos Aires - Vieytes",,,
"Ruta Provincial Nº 36, km 106, Paraje Starace, Pcia. de Buenos Aires,sentido de circulación Vieytes - Buenos Aires",,,
"Ruta Provincial Nº 36, km 155, Pipinas, Pcia. de Buenos Aires,sentido de circulación Vieytes - Cerro de la Gloria",,,
"Ruta Provincial Nº 36, km 155, Pipinas, Pcia. de Buenos Aires,sentido de circulación Cerro de la Gloria - Vieytes",,,
Av. Figueroa Alcorta 4750 - carril 2 asc. CABA,,,
Av. San Juan 2735 - carril 3 desc. CABA,,,
Av. Triunvirato 6300,,,
"Ruta Nacional Nº 9 - km 360,1 (Sentido de circulación ascendente), en jurisdicción de la localidad de Correa, provincia de Santa Fe",,,
"Ruta Nacional Nº 9 - km 362,2 (Sentido de circulación descendente), en jurisdicción de la localidad de Correa, provincia de Santa Fe",,,
"Ruta Nacional N° 34 - km 170,2 (carril sentido descendente), en jurisdicción de la localidad de San Vicente, provincia de Santa Fe.",,,
"Ruta Nacional N° 33 - km 714,9 (sentido descendente), en jurisdicción de la localidad de Chabás, provincia de Santa Fe.",,,
"Ruta Nacional Nº 34, km 119,7, Casas, Pcia. de Santa Fe, sentido de circulación Cañada Rosquín - Centeno",,,
"Ruta Nacional Nº 34, km 119,7, Casas, Pcia. de Santa Fe, sentido de circulación Centeno - Cañada Rosquín",,,
"Ruta Provincial Nº 66, acceso a la localidad de Landeta, Pcia. de Santa Fe, sentido de circulación El Fortín - Carlos Pellegrini",,,
"Ruta Provincial Nº 66, acceso a la localidad de Landeta, Pcia. de Santa Fe, sentido de circulación Carlos Pellegrini - El Fortín",,,
"Ruta Nacional Nº 34, km 95,4, Centeno, Pcia. de Santa Fe, sentido de circulación San Genaro - Casas",,,
Av. San Juan 2735 - carril 4 - descendente - C.A.B.A.,,,
"Ruta Nacional Nº 34, km 95,4, Centeno, Pcia. de Santa Fe, sentido de circulación Casas - San Genaro",,,
"Ruta Provincial 2, km 203, Dolores, Pcia. de Buenos Aires, sentido de circulación Capital Federal - Mar del Plata.",,,
"Ruta provincial Nº 2, km 203, Dolores, Pcia. de Buenos Aires, sentido de circulación Capital Federal - Mar del Plata.",,,
"Ruta provincial Nº 2, km 203, Dolores, Pcia. de Buenos Aires, sentido de circulación: CABA - Mar del Plata",,,
"Ruta Provincial 2, km 152,7, Lezama, Pcia. de Buenos Aires, sentido de circulación Capital Federal - Mar del Plata",,,
"Ruta Pcial. Nº 2, km 152,7, Lezama, Pcia. de Buenos Aires, sentido de circulación: CABA - Mar del Plata",,,
"km 152,7, Lezama, Pcia. de Buenos Aires, sentido de circulación: CAB",,,
"Ruta Pcial. Nº 2, km 152,7, Lezama, Pcia. de Buenos Aires, sentido de circulación: asc. Carril 1",,,
"RN 34, km 170,2 San Vicente Santa Fe",,,
"Ruta Nacional Nº 33, km 714,9, Chabas, Pcia. de Santa Fe, sentido de circulación este-oeste (Casilda - Firmat)",,,
"Ruta Nacional N° 33 - km 712,6 (sentido ascendente), en jurisdicción de la localidad de Chabás, provincia de Santa Fe.",,,
"Ruta Nacional Nº 33, km 712,6, Chabas, Pcia. de Santa Fe, sentido de circulación suroeste-noreste (Firmat - Casilda)",,,
"Ruta Nacional N° 34 - km 8,2 (sentido descendente) de la localidad de Ibarlucea, provincia de Santa Fe",,,
"Ruta Nacional N° 34 - km 4,6 (sentido ascendente) de la localidad de Ibarlucea, provincia de Santa Fe.",,,
"Av. Brigadier Estanislao López Nº 178 (carril sentido ascendente) de la localidad de Soldini, provincia de Santa Fe",,,
"Ruta provincial Nº 2, km 203, Dolores, Pcia. de Buenos Aires, sentido de circulación: CABA - Mar del Plata-asc",,,
"Ruta Provincial N° 70 - km 74 (Carril único en sentido descendente), en jurisdicción de la localidad de Bella Italia, provincia de Santa Fe.",,,
"Ruta Provincial Nº 11, km 291, General Lavalle, Pcia. de Buenos Aires, sentido de circulación (O-E) Gral. Conesa - San Clemente del Tuyú",,,
"Ruta Pcial. Nº 11, km 291, Gral. Lavalle, Pcia. de Buenos Aires,sentido de circulación: Gral. Conesa - San Clemente del Tuyú",,,
"Ruta provincial Nº 11 km 291, General Lavalle, Pcia. de Buenos Aires, sentido de circulación General Conesa - San Clemente del Tuyú (O-E).",,,
"Ruta Pcial. Nº 11, km 291, Gral. Lavalle, Pcia. de Buenos Aires, sentido de circulación: Gral. Conesa - San Clemente del Tuyú",,,
"Ruta Pcial 11, km 290,2, Gral. Lavalle, Bs. As. Sent. Ascendente Ruta provincial Nº 11 km 291, General Lavalle, Pcia. de Buenos",,,
"Ruta Pcial. Nº 11, km 290,2, Gral. Lavalle, Pcia. de Buenos Aires,sentido de circulación: Gral. Conesa - San Clemente del Tuyú, Asc.",,,
"Ruta Pcial. Nº 11, km 290,2, Gral. Lavalle, Pcia. de Buenos Aires, sentido de circulación: Gral. Conesa - San Clemente del Tuyú, Asc.",,,
"Ruta Provincial 2, km 113,5, Chascomús, Pcia. de Buenos 
Aires,sentido de circulación Mar del Plata - Capital Federal",,,
"Ruta provincial Nº 2, km 113,5, Chascomús, Pcia. de Buenos Aires,sentido de circulación Mar del Plata - Capital Federal.",,,
"Ruta provincial Nº 2, km 113,5, Chascomús, Pcia. de Buenos Aires, sentido de circulación Mar del Plata - Capital Federal.",,,
"Ruta Pcial. Nº 2, km 113,5, Chascomús, Pcia. de Buenos 
Aires,sentido de circulación: Mar del Plata - CABA",,,
"Ruta Pcial. Nº 2, km 113,5, Chascomús, Pcia. de Buenos Aires, sentido de circulación: Mar del Plata - CABA",,,
"Ruta Pcial. Nº 2, km 113,5, Chascomús, Pcia. de Buenos 
Aires,sentido de circulación: Mar del Plata - CABA, desc.",,,
"Ruta Pcial. Nº 2, km 113,5, Chascomús, Pcia. de Buenos Aires, sentido de circulación: Mar del Plata - CABA, desc.",,,
"Ruta Pcial. Nº 2, km 113,5, Chascomús, Pcia. de Buenos Aires, sentido de circulación: desc carril 2.",,,
"Ruta Provincial 2, km 114, Chascomús, Pcia. de Buenos Aires,sentido de circulación Capital Federal - Mar del Plata",,,
"Ruta provincial Nº 2, km 114, Chascomús, Pcia. de Buenos 
Aires,sentido de circulación Capital Federal - Mar del Plata.",,,
"Ruta provincial Nº 2, km 114, Chascomús, Pcia. de Buenos Aires, sentido de circulación Capital Federal - Mar del Plata.",,,
"Ruta provincial Nº 2, km 114, Chascomús, Pcia. de Buenos Aires,sentido de circulación Capital Federal - Mar del Plata, Asc.",,,
"Ruta provincial Nº 2, km 114, Chascomús, Pcia. de Buenos Aires, sentido de circulación Capital Federal - Mar del Plata, Asc.",,,
"Ruta provincial Nº 2, km 114, Chascomús, Pcia. de Buenos Aires, sentido de circulación Asc. Carril 1",,,
"Ruta Provincial Nº 36, km 106, Paraje Starace, Pcia. de Buenos Aires,sentido de circulación La Plata - Verónica",,,
"Ruta Provincial Nº 36, km 106, Paraje Starace, Pcia. de Buenos Aires, sentido de circulación La Plata - Verónica",,,
"Ruta Provincial Nº 36, km 96,5 Magdalena, Pcia. de Buenos 
Aires,sentido de circulación La Plata - Verónica",,,
"Ruta Provincial Nº 36, km 96,5 Magdalena, Pcia. de Buenos Aires, sentido de circulación La Plata - Verónica",,,
"Ruta Provincial Nº 36, km 96,5, Magdalena, Pcia. de Buenos Aires,sentido de circulación La Plata - Verónica",,,
"Ruta Provincial Nº 36, km 96,5 Magdalena, Pcia. de Buenos 
Aires,sentido de circulación La Plata - Verónica, Asc.",,,
"Ruta Provincial Nº 36, km 96,5 Magdalena, Pcia. de Buenos Aires, sentido de circulación La Plata - Verónica, Asc.",,,
"Ruta Prov. 36 km 96,5 asc Magdalema carril 1",,,
"Ruta Provincial Nº 36, km 106, Paraje Starace, Pcia. de Buenos Aires,sentido de circulación Verónica - La Plata",,,
"Ruta Provincial Nº 36, km 106, Paraje Starace, Pcia. de Buenos Aires, sentido de circulación Verónica - La Plata",,,
"Ruta Provincial Nº 36, km 96,5 Magdalena, Pcia. de Buenos 
Aires,sentido de circulación Verónica - La Plata",,,
"Ruta Provincial Nº 36, km 96,5 Magdalena, Pcia. de Buenos Aires, sentido de circulación Verónica - La Plata",,,
"Ruta Prov. 36 km 96,5 Desc. Magdalema carril 1",,,
"Ruta Provincial Nº 36, km 155,1, Pipinas, Pcia. de Buenos 
Aires,sentido de circulación (N-S) Verónica - Boca del Salado",,,
"Ruta provincial Nº 36, km 155,1, Pipinas, Pcia. de Buenos 
Aires,sentido de circulación: Veronica - Boca del salado",,,
"Ruta provincial Nº 36, km 155,1, Pipinas, Pcia. de Buenos Aires, sentido de circulación: Veronica - Boca del salado",,,
"Ruta Provincial 36, km 152, Pipinas, Provincia de Buenos Aires",,,
"Ruta provincial Nº 36, km 152, Pipinas, Pcia. de Buenos Aires",,,
R.P. 36 km 152 Pipinas ascendente,,,
R.P. 36 km 152 carril 1 Pipinas ascendente,,,
"Ruta Provincial Nº 36, km 155, Pipinas, Pcia. de Buenos Aires,sentido de circulación (S-N) Boca del Salado - Verónica",,,
"Ruta provincial Nº 36 km 155, Pipinas, Pcia. de Buenos Aires,sentido de circulación Boca del Salado - Verónica (S-N).",,,
"Ruta provincial Nº 36 km 155, Pipinas, Pcia. de Buenos Aires, sentido de circulación Boca del Salado - Verónica (S-N).",,,
"Ruta Pcial. Nº 36, km 155, Pipinas, Pcia. de Buenos Aires, sentido de circulación: Esquina de Crotto - Vieytes",,,
"Ruta Pcial. Nº 36, km 155, Pipinas, Pcia. de Buenos Aires, sentido de circulación: Esquina de Crotto - Vieytes.",,,
"Ruta Pcial. Nº 36, km 151,9 Pipinas, Pcia. de Buenos Aires, sentido de circulación: Esquina de Crotto - Vieytes.",,,
"Ruta Provincial Nº 32, km 122,5, Pergamino, Pcia. de Buenos Aires,sentido de circulación: descendente.",,,
"Ruta Provincial Nº 32, km 122,5, Pergamino, Pcia. de Buenos Aires, sentido de circulación: descendente.",,,
"Ruta Provincial Nº 32, km 122,5, Pergamino, Pcia. de Buenos Aires, sentido de circulación: descendente. Carril 1",,,
"Av. Rivadavia 1400, Campana, Pcia. de Buenos Aires, Sentido de circulación: Los Cardales - Campana.",,,
"Camino Centenario, km 17,5, La Plata, Pcia. de Buenos Aires,sentido de circulación Florencio Varela - La Plata",,,
"Camino Centenario, km 17,5, Berazategui, Pcia. de Buenos 
Aires,sentido de circulación Florencio Varela - La Plata.",,,
"Camino Centenario, km 17,5, Berazategui, Pcia. de Buenos Aires, sentido de circulación Florencio Varela - La Plata.",,,
"Camino Centenario, km 17,5, Partido de Berazategui, Pcia. de Buenos Aires, sentido de circulación: Florencio Varela - La Plata",,,
"Camino Centenario 17,500 - La Plata - Buenos Aires - Ascendente",,,
"Camino Centenario 17,5 - La Plata - Buenos Aires - Ascendente",,,
"Camino Centenario, km 17,5, La Plata, Pcia. de Buenos Aires,sentido de circulación La Plata - Florencio Varela",,,
"Camino Centenario, km 17,5, La Plata, Pcia. de Buenos Aires, sentido de circulación La Plata - Florencio Varela",,,
"Camino Centenario, km 17,5, La Plata, Pcia. de Buenos Aires,sentido de circulación: La Plata - Florencio Varela",,,
"Camino Centenario, km 17,5, La Plata, Pcia. de Buenos Aires, sentido de circulación: La Plata - Florencio Varela",,,
"Camino Centenario, km 17,5, La Plata, Pcia. de Buenos Aires, sentido de circulación: desc.",,,
"Ruta Provincial Nº 210, km 15,3, Pcia. de Buenos Aires, sentido de circulación Brandsen - Longchamps",,,
"Ruta Provincial Nº 205, km 15,3, Almirante Brown, Pcia. de Buenos Aires, sentido de circulación Burzaco - Longchamps",,,
"Av. Hipolito Yrigoyen 15300, partido de Almirante Brown, Pcia. de Buenos Aires, sentido de circulación: Burzaco - Longchamps",,,
"Av. Hipolito Yrigoyen 15300, partido de Almirante Brown, Pcia. de Buenos Aires, sentido de circulación:Asc. Burzaco - Longchamps",,,
"Ruta Provincial Nº 210, km 15,3, Pcia. de Buenos Aires, sentido de circulación Longchamps - Brandsen",,,
"Av. Hipolito Yrigoyen 16100, partido de Almirante Brown, Pcia. de Buenos Aires, sentido de circulación: Longchamps - Brandsen",,,
"Ruta Provincial Nº 63, km 0,55, Dolores, Pcia. Bs. As. 
Sentido:Descendente",,,
"Ruta Provincial N° 63, km 0,55, Dolores, Pcia. de Buenos 
Aires.Sentido Descendente (Esquina de Crotto hacia ruta 2)",,,
"Ruta Provincial N° 63, km 0,55, Dolores, Pcia. de Buenos Aires. Sentido Descendente (Esquina de Crotto hacia ruta 2)",,,
"Ruta Prov. 63 km 0,55 Carril 2 asc. Dolores",,,
"Ruta Provincial Nº 63, km 0,55, Dolores, Pcia. Bs. As. 
Sentido:Ascendente",,,
"Ruta Provincial N° 63, km 0,55, Dolores, Pcia. de Buenos 
Aires.Sentido Ascendente (Ruta 2 hacia Esquina de Crotto)",,,
"Ruta Provincial N° 63, km 0,55, Dolores, Pcia. de Buenos Aires. Sentido Ascendente (Ruta 2 hacia Esquina de Crotto)",,,
"Ruta Provincial N° 63, km 0,55, Dolores, Pcia. de Buenos Aires. Sentido Ascendente carril 2",,,
"Av. Pte. Illia (ex ruta Pcial. Nº 21) km 242, San Nicolás, Pcia. de Bs As, sentido de circulación: San Nicolás - Villa Constitución.",,,
"Don Bosco 2985, Bahía Blanca, Pcia. Bs. As. Sent. Asc",,,
"Don Bosco 2985, Bahía Blanca, Bs. As. Sentido: Asc.",,,
"Don Bosco 2985, Bahía Blanca, Bs. As. Asc.",,,
Don Bosco 2985 Bahia Blanca Asc.,,,
"Don Bosco 2990, Bahía Blanca, Pcia. Bs. As. Sent. Desc",,,
"Don Bosco 2990, Bahía Blanca, Bs. As. Sentido: Desc.",,,
Don Bosco 2990 Bahia Blanca Desc.,,,
"Ruta Provincial Nº 2, km 152,7, Lezama, Pcia. de Buenos 
Aires,sentido de circulación: Chascomus - Lezama",,,
"Ruta Provincial Nº 2, km 152,7, Lezama, Pcia. de Buenos Aires, sentido de circulación: Chascomus - Lezama",,,
"Ruta prov. 2 km 152,7 Asc. Carril 2 Lezama",,,
"Ruta prov. 2 km 152,7 Asc. Carril 2 Lezama Bs. As.",,,
"Ruta Provincial Nº 2, km 203, Dolores, Pcia. de Buenos Aires, sentido de circulación: Dolores - Castelli",,,
"Ruta Provincial Nº 2, km 203, Dolores, Pcia. de Buenos Aires, sentido de circulación: Dolores - Castelli-desc",,,
"Ruta Provincial Nº 2, km 203, Dolores, Pcia. de Buenos Aires, sentido de circulación: desc",,,
"Ruta Provincial Nº 2, km 113,5, Chascomus, Pcia. de Buenos Aires,sentido de circulación: Chascomus - Buenos Aires",,,
"Ruta Provincial Nº 2, km 113,5, Chascomús, Pcia. de Buenos Aires,sentido de circulación: Chascomús - CABA",,,
"Ruta Provincial Nº 2, km 113,5, Chascomús, Pcia. de Buenos Aires, sentido de circulación: Chascomús - CABA",,,
"Ruta Prov. 2 113,5 desc. Chascomus Bs As",,,
"Ruta Provincial Nº 2, km 114, Chascomus, Pcia. de Buenos 
Aires,sentido de circulación: Buenos Aires - Chascomus",,,
"Ruta Provincial Nº 2, km 114, Chascomús, Pcia. de Buenos 
Aires,sentido de circulación: Buenos Aires - Chascomús",,,
"Ruta Provincial Nº 2, km 114, Chascomús, Pcia. de Buenos Aires, sentido de circulación: Buenos Aires – Chascomús",,,
R.P. 2 km 114- chascomus bs as - Bs As ascendente carril 2,,,
"Av. Rivadavia 1400, Campana, Pcia. de Buenos Aires, Sentido de circulación: Campana - Los Cardales.",,,
"Ruta Provincial 2, km 45, El Peligro, Pcia. de Buenos Aires, sentido de circulación Mar del Plata - Capital Federal",,,
"Ruta provincial Nº 2, km 45, El Peligro, Pcia. de Buenos Aires,sentido de circulación: Mar del Plata - CABA",,,
"Ruta provincial Nº 2, km 45, El Peligro, Pcia. de Buenos Aires, sentido de circulación: Mar del Plata - CABA",,,
"Ruta provincial Nº 2, km 45, El Peligro, Pcia. de Buenos Aires, sentido de circulación: desc. C2",,,
"Ruta Provincial N° 32 - km 122,5 (carril con sentido de circulación ascendente), en jurisdicción de la localidad de Pergamino, provincia de Buenos Aires",,,
"Ruta Provincial N° 32 - km 122,5 (carril con sentido de circulación descendente), en jurisdicción de la localidad de Pergamino, provincia de Buenos Aires",,,
"Av. Pte. Illia (ex ruta Pcial. Nº 21) km 242, San Nicolás, Pcia. de Bs As, sentido de circulación: Villa Constitución - San Nicolás.",,,
"Ruta Nacional Nº 188, km 10, San Nicolás, Pcia. Bs. As. 
Sentido:Descendente",,,
"Ruta Nacional Nº 188, km 10, San Nicolás, Pcia. Bs. As. Sentido: Descendente",,,
"Ruta Provincial Nº 2, km 203, Dolores. Bs. As. desc",,,
"Ruta Provincial Nº 2, km 156,2, Lezama, Pcia. Bs. As. 
Sentido:Descendente",,,
"Ruta Provincial N° 2, km 156,2, Lezama, Pcia. de Bs. As. 
Sentido:Descendente (MdP - Bs. As.)",,,
"Ruta Provincial N° 2, km 156,2, Lezama, Pcia. de Bs. As. Sentido: Descendente (MdP - Bs. As.)",,,
"Ruta Provincial N° 2, km 156,2, Lezama, Pcia. de Bs. As. Sentido: Descendente carril 2",,,
"Ruta Provincial N° 2, km 156,2, Lezama, Pcia. de Bs. As. Sentido: Descendente",,,
"Ruta Provincial Nº 2, km 156,2, Lezama, Pcia. Bs. As. 
Sentido:Ascendente",,,
"Ruta Provincial N° 2, km 156,2, Lezama, Pcia. de Bs. As. 
Sentido:Ascendente (Bs. As. - MdP)",,,
"Ruta Provincial N° 2, km 156,2, Lezama, Pcia. de Bs. As. Sentido: Ascendente (Bs. As. - MdP)",,,
"Ruta Provincial N° 2, km 156,2, Lezama, Pcia. de Bs. As. Sentido: Ascendente carril 2",,,
"Calle Alte. Brown 4100, ciudad de Santa Fe, Pcia. de Santa Fe,sentido de circulación UTN - Paraná.",,,
"Av. Aristóbulo del Valle N° 8900 (sentido ascendente) de la localidad de Santa Fe de la Vera Cruz,provincia de Santa Fé.",,,
"Av. Directorio Nº 337, Ciudad Autónoma de Buenos Aires.",,,
Av. Directorio Nº 337 - CABA,,,
"Av. Rafael Obligado Nº 4845, Ciudad Autónoma de Buenos Aires,sentido de circulación: Sur - Norte (Centro hacia General Paz).",,,
"Av. Rafael Obligado Nº 4845, Ciudad Autónoma de Buenos Aires, sentido de circulación: Sur - Norte (Centro hacia General Paz).",,,
Av. Rafael Obligado Nº 4845 CARRIL 3 ascendente CABA,,,
"Av. Brasil Nº 2100, Ciudad Autónoma de Buenos Aires.",,,
Av. Brasil Nº 2100 - CABA,,,
Av.Rafael Obligado 4845 Carril 4 Asc. CABA,,,
"Av. Figueroa Alcorta 2200, Ciudad Autónoma de Buenos Aires.",,,
Av. Figueroa Alcorta Nº 2200,,,
"Av. Figueroa Alcorta Nº 2200, CABA",,,
Av.Figueroa Alcorta 2200,,,
AVENIDA FIGUROA ALCORTA 2200 -C5- ASC. CABA,,,
"Av. Figueroa Alcorta Nº 4750, Ciudad Autónoma de Buenos Aires.",,,
"Avenida Figueroa Alcorta Nº 4750, Ciudad Autónoma de Buenos Aires, sentido de circulación hacia Gral. Paz.",,,
"Av. Figueroa Alcorta Nº 4750, CABA, sentido: hacia Av. Gral. Paz.",,,
"Av. Belgrano 3349, Ciudad Autónoma de Buenos Aires.",,,
Av. Belgrano Nº 3349,,,
"Av. Belgrano Nº 3349, CABA",,,
Av. Belgrano 3349 Ciudad Autónoma de Buenos Aires,,,
"Elías Galvan 3830, esquina Manzanares, Ciudad Autónoma de Buenos Aires.",,,
Elías Galván Nº 3830 - CABA,,,
"Av. Figueroa Alcorta 5700, Ciudad Autónoma de Buenos Aires.Av. Coronel Roca Nº 4589, Ciudad Autónoma de Buenos Aires,",,,
Av. Fig. Alcorta Nº 5700 - CABA,,,
sentido de circulación: Este (Centro hacia General Paz).,,,
"Au. Dellpiane km 3,9, CABA, Sentido: Hacia Av. Gral Paz.",,,
"Avenida San Juan 2729, CABA",,,
"Autopista P. Moreno km 4,5 (sentido hacia Capital), Ciudad Autónoma de Buenos Aires.",,,
"Irigoyen 1761, CABA, asc.",,,
Irigoyen 1761 carril 3 Asc. CABA,,,
"Av. Figueroa Alcorta 5700, Ciudad Autónoma de Buenos Aires.",,,
Av. Figueroa Alcorta 5700 Ciudad Autónoma de Buenos Aires,,,
"Autopista Illia km 1,2 (sentido hacia Provincia), Ciudad Autónoma de Buenos Aires.",,,
"Autopista Illia km 1,2, Ciudad Autónoma de Buenos Aires, sentido de circulación hacia provincia.",,,
"Autopista Illia km 1,2, carril 2 - Ciudad Autónoma de Buenos Aires,Ascendente",,,
"Au. Illia km 1,2 carril 2 -Ascendente - CABA",,,
"Av. Triunvirato 6300, Ciudad Autónoma de Buenos Aires.",,,
Av. Triunvirato Nº 6300 - CABA,,,
"Av. Coronel Roca Nº 5200, Ciudad Autónoma de Buenos Aires,sentido de circulación: Oeste (General Paz hacia Centro).",,,
Av. Triunvirato Nº 6300- CABA,,,
av. Triunvirato Nº 6300 carril 3 desc. - CABA,,,
Av. Díaz Vélez 3420 (Carril 2) de la Ciudad Autónoma de Buenos Aires,,,
Irigoyen 1761 carril 2 Asc. CABA,,,
"Autopista Perito Moreno km 4,5 (sentido hacia Provincia), Ciudad Autónoma de Buenos Aires.",,,
"Autopista P. Moreno km 4,5 (sentido hacia Provincia), Ciudad Autónoma de Buenos Aires.",,,
"Autopista Perito Moreno km 4,5 (sentido hacia Provincia) carril 4,Ciudad Autónoma de Buenos Aires.",,,
"Autopista Perito Moreno km 4,500 C.A.B.A. sentido descendente",,,
"Av. Lugones km 8,5 (altura Udaondo), Ciudad Autónoma de Buenos Aires.",,,
"Av. Lugones km 8,5 - CABA",,,
"Av. Lugones km 8,7, CABA, sentido: único",,,
"Av. Lugones km 8,7, CABA, sentido: único Carril 4",,,
"Av. Leopoldo Lugones km 8,5 carril 4 - desc. CABA",,,
"Autopista 25 de Mayo km 4,0 (sentido hacia Provincia), Ciudad Autónoma de Buenos Aires.",,,
"Galván 3640, CABA",,,
Galvan 3640 Carril 2 Ascendente CABA,,,
"Autopista 25 de Mayo km 4,0 (sentido hacia Capital), Ciudad Autónoma de Buenos Aires.",,,
"Avenida Independencia Nº 2662, Ciudad Autónoma de Buenos Aires",,,
"Au.6 Autopista P. Moreno km 4,9 carril 2, 3 y 4 asc. CABA",,,
"Av. 9 de Julio sur km 1,8 (sentido hacia provincia), Ciudad Autónoma de Buenos Aires.",,,
"Av. 9 de Julio Sur km 1,8",,,
"Av. 9 de Julio Sur km 1,8, sentido de circulación: hacia Pcia.",,,
"Av. Cantilo km 8,5 - CABA",,,
"Autopista Illia, km 1,2, CABA, sentido de circulación: hacia provincia",,,
"Autopista Illia, km 1,2, CABA, sentido de circulación: hacia Capital",,,
"Autopista Illia km 1,2, carril 3- Ciudad Autónoma de Buenos 
Aires,Ascendente",,,
"au. Illia 1,2 - Carril 3 - CABA - Descendente",,,
"Av. Cantilo km 8,5, Ciudad Autónoma de Buenos Aires.",,,
"Av. Del Libertador 7725 (carril 2), CABA asc",,,
Av. Del Libertador 7725 Asc. Ciudad Autónoma de Buenos Aires,,,
"Galvan Nº 3640, CABA",,,
"Av. Lugones km 8,5, Ciudad Autónoma de Buenos Aires.",,,
"Av. Lugones km 8,7, CABA, sentido: único Carril 5",,,
"Av. Leopoldo Lugones km 8,5 carril 5 - desc. CABA",,,
"AV. Independencia 2662, CABA",,,
"Av. 9 de Julio sur km 1,8 (sentido hacia Capital), Ciudad Autónoma de Buenos Aires.",,,
"Av. Del Libertador 7725 (carril 3), CABA asc",,,
"Ex. ruta Provincial Nº 7, km 1,8, Neuquén, Pcia. de Neuquén, sentido de circulación: descendente, Centenario - Neuquén",,,
"Av. A.M. García 9171, carril 2, asc. Tigre",,,
"Av. A.M. García 9171, Tigre, bs as. Asc",,,
Av. A. M. Garcia 9171 - carril 2 - asc. Tigre,,,
"Corredor Vial Bancalari, km 2,0, carril 2 desc. Tigre",,,
Corredor Bacalari km 2 carril 2 - desc. Tigre,,,
Corredor vial Bacalari km 2 carril 2 - desc. Tigre,,,
"Ing. Dinkeldein Nº 1335 (carril central) sentido único. Río 
Cuarto,Córdoba",,,
"Ing. Dinkeldein Nº 1335 (carril central) sentido único. Río Cuarto, Córdoba",,,
"Gral. José Garibaldi Nº 1100 (sentido decreciente), Río 
Cuarto,Córdoba",,,
"Gral. José Garibaldi Nº 1100 (sentido decreciente), Río Cuarto, Córdoba",,,
"Wenceslao Tejerina Norte Nº 961 (sentido de norte a sur hacia el centro), Río Cuarto, Córdoba",,,
"Autopista Illia km 1,2 (sentido hacia Capital), Ciudad Autónoma de Buenos Aires.",,,
"Autopista Illia km 1,2, Ciudad Autónoma de Buenos Aires, sentido de circulación hacia el centro.",,,
"Au. Illia km 1,2 carril 3 - Sentido centro CABA",,,
"Au. Illia km 1,2 carril 3 - desc. CABA",,,
"Ruta Nacional N° 34 - km 95,4 (carril sentido descendente), en jurisdicción de la localidad de Centeno, provincia de Santa Fe",,,
"Ruta Nacional N° 34 - km 95,4 (carril sentido ascendente), en jurisdicción de la localidad de Centeno, provincia de Santa Fe",,,
"Avenida 27 de Febrero 5800 (sentido hacia el Centro), Ciudad Autónoma de Buenos Aires.",,,
"Av. 27 de Febrero Nº 5800, CABA, sentido: hacia Puente Alsina.",,,
Av. 27 de Febrero 5800 hacia Puente. Alsina,,,
"Avenida 27 de Febrero 5800 (sentido hacia Provincia), Ciudad Autónoma de Buenos Aires.",,,
"Av. 27 de Febrero Nº 5800, CABA, sentido: hacia Puente La Noria.",,,
Av. 27 de Febrero 5800 hacia Puente. La Noria,,,
"Autopista Dellepiane km 3,8 (sentido hacia Provincia), Ciudad Autónoma de Buenos Aires.",,,
"Autopista Dellepiane km 3,8, Ciudad Autónoma de Buenos 
Aires,sentido de circulación hacia provincia.",,,
"Autopista Dellepiane km 3,8, Ciudad Autónoma de Buenos Aires, sentido de circulación hacia provincia.",,,
"Au. Illia km 4,5, CABA, Sentido: Ascendente (mano hacia pcia.)",,,
"Au. Illia km 3,9, CABA, Sentido: Ascendente (mano hacia pcia.)",,,
"Autopista Illia km 3,9, carril 3 - Ciudad Autónoma de Buenos Aires,Ascendente",,,
"Autopista Illia km 3,9, carril 3 - Ciudad Autónoma de Buenos Aires, Ascendente",,,
"Au. Illia km 3,9 carril 4 - CABA - ascendente",,,
"Au. Illia km 6,9, CABA, Sentido: Ascendente (mano hacia pcia.)",,,
"Au. Illia km 7, CABA, Sentido: Ascendente (mano hacia pcia.)",,,
"Au. Illia km 6,9 CABA, Sentido: Ascendente (mano hacia pcia.)",,,
"R.P. 51 km 122,1",,,
No aplica,,,
"Au. 25 de mayo km 8,4, CABA, sent. Desc.",,,
"Autopista 25 de Mayo km 8,400 Ciudad Autónoma de Buenos Aires Sentido de circulación: descendente",,,
"Autopista 25 de Mayo km 8,4 CABA, desc.",,,
"Autopista 25 de Mayo km 8,4, Ciudad Autónoma de Buenos 
Aires.Sentido: Descendente",,,
"Autopista 25 de Mayo km 8,4, Ciudad Autónoma de Buenos Aires. Sentido: Descendente",,,
"Aut. 25 de mayo km 8,4 - carril 2 - descendente - C.A.B.A.",,,
"Au. 25 de mayo km 8,4, CABA, sent. Asc.",,,
"Autopista 25 de Mayo km 8,400 Ciudad Autónoma de Buenos Aires Sentido de circulación: ascendente",,,
Av. Sarmiento 3866 CABA,,,
"Av. Sarmiento N° 3866, CABA.",,,
Av. Sarmiento 3866 - Carril 3 CABA - descendente (ARCHIVO DNCI DICE ASC),,,
"Av. de los 7 Jefes Nº 4100, Ciudad de Santa Fe, Pcia. de Santa Fe,sentido de circulación: en ambos sentidos.",,,
"Av. de los 7 jefes 4100, Santa Fe de la Vera Cruz, Pcia. de Santa Fe,sentido de circulación: en ambos sentidos.carril 1y2 N-S, carril 3 S- N.",,,
"Av. de los 7 jefes 4100, Santa Fe de la Vera Cruz, Pcia. de Santa Fe, sentido de circulación: en ambos sentidos.carril 1y2 N-S, carril 3 S-N.",,,
"Autopista Dellpiane, km 3,9, CABA, sentido de circulación: Av. Gral Paz - centro de CABA",,,
"Av. General Paz km 13,1, Ciudad Autónoma de Buenos Aires,sentido de circulación: Riachuelo - Río de la Plata.",,,
"Av. Gral. Paz, km 13,1 CABA. Sentido de circulación Riachuelo - Río de la Plata",,,
"Av. General Paz km 13,1, Ciudad Autónoma de Buenos Aires,sentido de circulación: Río de la Plata - Riachuelo.",,,
"Av. Gral. Paz, km 13,1 CABA. Sentido de circulación Río de la Plata - Riachuelo",,,
"Av. General Paz km 17,8, Ciudad Autónoma de Buenos Aires,sentido de circulación: Riachuelo - Río de la Plata.",,,
"Av. Gral. Paz, km 17,8 CABA. Sentido de circulación Riachuelo - Río de la Plata",,,
"Av. General Paz km 17,8, Ciudad Autónoma de Buenos Aires,sentido de circulación: Río de la Plata - Riachuelo.",,,
"Av. Gral. Paz, km 17,8 CABA. Sentido de circulación Río de la Plata - Riachuelo",,,
"Av. General Paz km 22,5, Ciudad Autónoma de Buenos Aires,sentido de circulación: Riachuelo - Río de la Plata.",,,
"Av. Gral. Paz, km 22,5 CABA. Sentido de circulación Riachuelo - Río de la Plata",,,
"Av. General Paz km 22,5, Ciudad Autónoma de Buenos Aires,sentido de circulación: Río de la Plata - Riachuelo.",,,
"Av. Gral. Paz, km 22,5 CABA. Sentido de circulación Río de la Plata - Riachuelo",,,
"Av. Aristóbulo del Valle Nº 8700, Santa Fe de la Vera Cruz, Pcia. de Santa Fe, sentido de circulación: Norte – Sur (hacia el centro).",,,
"Av. Aristobulo del Valle Nº 8700, Santa Fe de la Vera Cruz, Pcia. de Santa Fe, sentido de circulación: carril 1y2 N-S.",,,
"Av. Aristobulo del Valle Nº 8700, Santa Fe de la Vera Cruz, Pcia. de Santa Fe, sentido de circulación: carril 1y2 N-S hacia el centro.",,,
"Avenida Bolivia Nº 5500, Salta, Pcia. de Salta, sentido de circulación:S N",,,
"Avenida Bolivia Nº 5500, Salta, Pcia. de Salta, sentido de 
circulación:carril 1 y 2 S-N",,,
"Avenida Bolivia Nº 5500, Salta, Pcia. de Salta, sentido de circulación: carril 1 y 2 S-N",,,
"Avenida Bolivia Nº 5500, Salta, Pcia. de Salta, sentido de 
circulación:N-S",,,
"Avenida Bolivia Nº 5500, Salta, Pcia. de Salta, sentido de 
circulación:Carril 1 y 2 N-S",,,
"Avenida Bolivia Nº 5500, Salta, Pcia. de Salta, sentido de circulación: Carril 1 y 2 N-S",,,
"Avenida Ing. Mario Banchik Nº 6010, Salta, Pcia. de Salta, sentido de circulación: E-O",,,
"Avenida Ing. Mario Banchik Nº 6010, Salta, Pcia. de Salta, sentido de circulación: carril 1 y 2 E-O",,,
"Avenida Ing. Mario Banchik Nº 6010, Salta, Pcia. de Salta, sentido de circulación: O-E",,,
"Avenida Ing. Mario Banchik Nº 6010, Salta, Pcia. de Salta, sentido de circulación: carril 1 y 2 O-E",,,
"Ruta Provincial 14, km 5,2, Soldini, Pcia. de Santa Fé, sentido de circulación: carril 1 Soldini-Alvarez - carril 2 Alvarez-Soldini.",,,
"Ruta Provincial 14, km 5,2, Soldini, Pcia. de Santa Fé, sentido de circulación: carril 2 Soldini-Alvarez - carril 1 Alvarez-Soldini.",,,
"Ruta pcial 11, km 255, Tordillo, pcia Bs. As.Sentido Ascendente (esq.de Crotto hacia Gral. Conesa)",,,
"RP N°2, km 52, La Plata, Bs. As. Descendente (MdP hacia CABA)",,,
"Ruta pcial 11, km 255, Tordillo, pcia Bs. As.Sentido Descendente (Gral. Conesa hacia esq. de Crotto).",,,
"RP N°2, km 52, La Plata, Bs. As. Ascendente (CABA hacia MdP)",,,
"Ruta Pcial. N° 55, km 75,6, Balcarce, Pcia. de Bs. As. - Sentido de circulación: ascendente",,,
"RP N°6 S/N° (ex Ruta 12 km 83,5) Zarate, Bs. As. (Campana hacia Zarate)",,,
"RP N°6 S/N° (ex Ruta 12 km 83,5) Zarate, Bs. As. (Zarate hacia Campana)",,,
"Av. Del Libertador 5500, Moreno, Pcia. Bs. As. Sentido Asc.",,,
"Av. Del Libertador 5500, Moreno, Pcia. Bs. As. Sentido Desc.",,,
"Au. Bs As - La Plata y Ruta Provincial 19, km 41,5, Villa Elisa, pcia.Bs. As. Sentido Ascendente, Ciudad Autónoma de Buenos Aires - La Plata",,,
"Au. Bs. As. - La Plata y Ruta Pcial 19, km 41,5 Villa Elisa, Pcia Bs. As. Sent: asc.",,,
"Au. Bs As - La Plata y Ruta Provincial 19, km 41,5, Villa Elisa, pcia.Bs. As. Sentido Descendente, La Plata - Ciudad Autónoma de Buenos Aires",,,
"Au. Bs As - La Plata y Ruta Provincial 19, km 41,5, Villa Elisa, pcia. Bs. As. Sentido Descendente, La Plata - Ciudad Autónoma de Buenos Aires",,,
"Au. Bs As - La Plata km 33,8, Hudson, pcia. Bs. As. Sentido 
Ascendente",,,
"Au. Bs As - La Plata km 17, Bernal, pcia Bs. As. Sentido Descendente",,,
"Au. Bs. As. - Mar del Plata km 33,8, Hudson, Pcia. De Bs. As. Sent. De circulación Desc.",,,
"Con. Del Buen Ayre km 9,7, Bs. As. Descendente (Fiscalización de vehículos pesados unicamente)",,,
"Con. Del Buen Ayre km 9,7, Bs. As. Ascendente (Fiscalización de vehículos pesados unicamente)",,,
"Av. Circunvalación y Sampayo, Junín, Bs. As. sentido: Asc.",,,
"Ruta Provincial N° 2, km 103,5, Chascomús, Bs. As. Sent. Desc.",,,
"Avenida Leandro N. Alem al 1300, Santa Fe, Pcia. de Santa Fe,sentido de circulación: O-E",,,
"Av. Leandro N. Alem al 1300, Santa Fe de la Vera Cruz, Pcia. de Santa Fe, sentido de circulación: Oeste a Este",,,
"Avenida Leandro N. Alem al 1300, Santa Fe, Pcia. de Santa Fe,sentido de circulación: E-O",,,
"Av. Leandro N. Alem al 1300, Santa Fe de la Vera Cruz, Pcia. de Santa Fe, sentido de circulación: Este a Oeste",,,
"Autopista Buenos Aires - La Plata y Ruta Provincial 19, km 41,5, en la localidad de Villa Elisa, Provincia de Buenos Aires. Sentido de circulación: Ascendente, Ciudad Autónoma de Buenos Aires hacia La Plata.",,,
"Av. Juan Domingo Perón Nº 4260, Salta, Pcia. de Salta, sentido de circulación: Oeste - Este.",,,
"Av. Juan Domingo Perón Nº 3100, Salta, Pcia. de Salta, sentido de circulación: Este - Oeste.",,,
"Autopista 25 de Mayo, km 5,3, CABA. Sentido de circulación: Centro de CABA hacia Av. Gral. Paz (fiscalización vehículos pesados unicamente)",,,
"Autopista 25 de Mayo, km 4,0, CABA. Sentido de circulación: Av. Gral Paz hacia el Centro de CABA. (fiscalización vehículos pesados unicamente)",,,
"Autopista Perito Moreno, km 4,3, CABA. Sentido de circulación: Av. Gral Paz hacia el Centro de CABA.",,,
"Av. Cantilo, km 8,5, CABA. Sentido de circulación: CABA hacia Av. Gral. Paz. (fiscalización vehículos pesados unicamente)",,,
"Ruta Nacional 34 km 129, Cañada Rosquín, Pcia. de Santa Fe,sentido de circulación: carril 1 N-S, carril 2 S-N.",,,
"Ruta Pcial 31 km 121,3, Salto, Pcia. de Bs. As. - Sent. Asc.",,,
"Av. Peñaloza Nº 5700, Santa Fe, Pcia. de Santa Fe, sentido de circulación: carril 1y 2 N-S.",,,
"Av. Blas Parera Nº 9350, Santa Fe, Pcia. de Santa Fe, sentido de circulación: carril 1 N-S, carril 2 S-N.",,,
"Ruta Nacional 34, km 110, Las Bandurrias, Pcia. de Santa Fe, sentido de circulación: carril 1 Centeno a Cañada Rosquín S-N, carril 2 Cañada Rosquín a Centeno N-S.",,,
"Ruta Pcial 31 km 121,3, Salto, Pcia. de Bs. As. - Sent. Desc.",,,
"Sivori 4917, Bahía Blanca, Pcia de Bs. As., Sentido: Ascendente.",,,
"Autopista Rosario-Santa Fé, km 10,8, proximo a Fray Luis Beltrán,Pcia. de Santa Fé, sentido de circulación: descendente Santa Fé -Rosario N-S.",,,
"Autopista Rosario-Santa Fé, km 10,8, proximo a Fray Luis Beltrán, Pcia. de Santa Fé, sentido de circulación: ascendente Rosario - Santa Fé S-N.",,,
"Ruta Nacional Nº 11, km 547,8, Videla, Pcia. de Santa Fé, sentido de circulación: carril 1 Nelson - San Justo S-N - carril 2 San Justo - Nelson N-S.",,,
"Ruta Nacional 11, km 547,8, Videla, Pcia. de Santa Fé, sentido de circulación: carril 1 Nelson-San Justo S-N - carril 2 San Justo-Nelson N-S.",,,
"Ruta Nacional Nº 11, km 619, Gobernador Crespo, Pcia. de Santa Fé, sentido de circulación: carril 1 Calchaquí - San Justo N-S - carril 2 San Justo - Calchaquí S-N.",,,
"Ruta Nacional 11, km 619, Gobernador Crespo, Pcia. de Santa Fé, sentido de circulación: carril 1 Calchaqui-San Justo N-S - carril 2 San Justo-Calchaqui S N.",,,
"Ruta Provincial N° 6, km 194, Campana, pcia de Bs. As. Sentido Ascendente",,,
"Ruta Provincial N° 6 km 194, Campana, Pcia. De Bs. As. Asc.",,,
"Ruta Provincial N° 6, km 194, Campana, pcia de Bs. As. Sentido Descendente",,,
"Ruta Provincial N° 6 km 194, Campana, Pcia. De Bs. As. Desc.",,,
"Av. 6 de julio 1100, Campana, pcia de Bs. As. Sentido Descendente",,,
"Av. 6 de Julio 1100, Campana, Provincia de Buenos Aires, Desc.",,,
"Sivori 4880, Bahía Blanca, Pcia de Bs. As., Sentido: Descendente.",,,
"Av. Benjamín Aráoz Nº 550, San Miguel de Tucumán, Pcia. de Tucumán, sentido de circulación: E-O.",,,
"Ruta Nacional Nº 34, km 169,5, San Vicente, Pcia. de Santa Fé,sentido de circulación: carril 1 Rafaela - Cañada Rosquín N-S - carril 2 Cañada Rosquín - Rafaela S-N.",,,
"Av. Hipolito Yrigoyen 5000, San Fernando, Bs As, Descendente (Acc.Norte hacia Acc. Tigre)",,,
"Av. Hipolito Yrigoyen 5000, San Fernando, Provincia de Buenos Aires. Descendente",,,
"Av. Hipolito Yrigoyen 5000, San Fernando, Bs As, Ascendente (Acc.Tigre hacia Acc. Norte)",,,
"Av. Hipolito Yrigoyen 5000, San Fernando, Provincia de Buenos Aires. Ascendente",,,
"Uruguay 6500, San Fernando, pcia de Bs. As. Sentido Ascendente (acc. Tigre hacia acc. Norte)",,,
"Pte Raúl Alfonsín 971, Bahía Blanca, Pcia de Bs. As., 
Sentido:Ascendente.",,,
"Pte Raúl Alfonsín 970, Bahía Blanca, Pcia de Bs. As., 
Sentido:Descendente.",,,
"Av. De La Unidad Nacional 780, San Isidro, Bs. As., Asc.",,,
"Av. De la Unidad Nacional 780, San Isidro, Pcia de Bs. As., 
Sentido:Descendente.",,,
"Av. Marquez 1515, San Isidro, Bs. As., Asc.",,,
"Av. Marquez 1590, San Isidro, Bs. As., Desc.",,,
"Av. Del Libertador Gral. San Martín 15570, San Isidro, Bs. As., Desc.",,,
"Ruta Provincial Nº 6, km 65,5 Esperanza, Pcia. de Santa Fé, sentido de circulación: carril 1 Esperanza - Frank N-S - carril 2 Frank - Esperanza S-N.",,,
"Ruta Provincial Nº 70 km 15,7 Esperanza, Pcia. de Santa Fé, sentido de circulación: carril 1 Esperanza - Humboldt E-O - carril 2 Humboldt - Esperanza O-E.",,,
"Av. Uruguay 6651, San Isidro, Pcia de Bs. As., Sentido: Descendente.",,,
"Juan Manuel de Rosas 4700, San Martín, Bs. As., Asc.",,,
"Juan Manuel de Rosas 4700, San Martín, Bs. As., sentido ascendente",,,
"Acceso Norte Carlos Fuentes al 700, Villaguay, Pcia. de Entre Ríos,sentido de circulación Sur-Norte.",,,
"Acceso Norte Carlos Fuentes al 700, Villaguay, Pcia. de Entre Ríos, sentido de circulación Sur-Norte.",,,
"Juan Manuel de Rosas 4700, San Martín, Bs. As., Desc.",,,
"Juan Manuel de Rosas 4700, San Martín, Bs. As., sentido 
descendente",,,
"Juan Manuel de Rosas 4700, San Martín, Bs. As., sentido descendente",,,
"Acceso Norte Carlos Fuentes al 2600, Villaguay, Pcia. de Entre Ríos,sentido de circulación: Norte-Sur.",,,
"Acceso Norte Carlos Fuentes al 2600, Villaguay, Pcia. de Entre Ríos, sentido de circulación: Norte-Sur.",,,
"Ruta Provincial Nº 70 km 70,4 Bella Italia, Pcia. de Santa Fé, sentido de circulación: carril 1 Rafaela - Esperanza O-E - carril 2 Esperanza - Rafaela E O.",,,
"Dr. Ricardo Balbín 4880, San Martín, Bs. As., Asc.",,,
"Dr. Ricardo Balbín 4880, San Martín, Bs. As., sentido ascendente",,,
"Dr. Ricardo Balbín 4880, San Martín, Bs. As., Desc.",,,
"Dr. Ricardo Balbín 4880, San Martín, Bs. As., sentido descendente",,,
"Ruta Pcial 30 y calle 836, Chacabuco, Pcia. de Bs. As. - Sent. Asc.",,,
"Juan Domingo Perón 3751, Bahía Blanca, Pcia de Bs. As., 
Sentido:Ascendente.",,,
"Juan Domingo Perón 3750, Bahía Blanca, Pcia de Bs. As., 
Sentido:Descendente.",,,
"Ruta Nacional A012 km 63, Ricardone, Pcia. de Santa Fé, sentido de circulación: carril 1 San Lorenzo-Roldán NE-SO, carril 2 Roldán-San Lorenzo SO-NE.",,,
"Ruta Nacional A012 km 60,4, Ricardone, Pcia. de Santa Fé, sentido de circulación: carril 1 San Lorenzo-Roldán NE-SO, carril 2 Roldán- San Lorenzo SO-NE.",,,
"Ruta Nacional A012 km 60,4, Ricardone, Pcia. de Santa Fé, sentido de circulación: carril 1 San Lorenzo-Roldán NE-SO, carril 2 Roldán-San Lorenzo SO-NE.",,,
"de circulación: ascendenteCorredor Bancalari km 0,30, San 
Fernando, Pcia. de Bs. As. - Sentido",,,
"Ruta Pcial 30 y calle 836, Chacabuco, Pcia. de Bs. As. - Sent. Desc.",,,
"Ruta Nacional Nº 130 km 76, Villaguay, Pcia. de Entre Ríos, sentido de circulación: carril 1 O-E, carril 2 E-O.",,,
"Ruta Nacional Nº 130 km 76, (Acceso Isidoro Redruello esquina Buenos Aires) Villaguay, Pcia. de Entre Ríos, sentido de circulación:carril 1 O-E, carril 2 E-O.",,,
"Ruta Nacional Nº 130 km 76, (Acceso Isidoro Redruello esquina Buenos Aires) Villaguay, Pcia. de Entre Ríos, sentido de circulación: carril 1 O-E, carril 2 E-O.",,,
"Ruta Provincial Nº 1 km 111, Saladero Cabal, Pcia. de Santa Fé,sentido de circulación: carril 1 S-N, carril 2 N-S.",,,
"Ruta Provincial S20 km 2,1, Piñeyro, Pcia. de Santa Fé, sentido de circulación: carril 1 N-S, carril 2 S-N.",,,
"Ruta Nacional A012 km 9,8, Piñeyro, Pcia. de Santa Fé, sentido de circulación: carril 1 E-O, carril 2 O-E.",,,
"Ruta Provincial Nº 1 km 12,9, Arroyo Leyes, Pcia. de Santa Fé,sentido de circulación: carril 1 S-N, carril 2 N-S.",,,
"Ruta Pcial 6, km 159,3, Luján, Pcia. de Bs. As. - Sent. Asc.",,,
"Ruta Provincial Nº 14 km 48, Villa Mugueta, Pcia. de Santa Fé,sentido de circulación: carril 1 E-O, carril 2 O-E.",,,
"Ruta Pcial. N° 51, km 96,7, Capitán Sarmiento, Pcia. de Bs. As. - Sentido de circulación: descendente",,,
"Ruta Pcial. 51, km 96,7, Capitan Sarmiento, Bs. As., sent: Asc.",,,
"Ruta Pcial 6, km 159,3, Luján, Pcia. de Bs. As. - Sent. Desc.",,,
"Desc.Ruta Pcial. 51. km 121,3, Carmen de Areco, Pcia. Bs. As. Sentido",,,
"Av. San Juan 2507, CABA, carriles 4 y 5",,,
"Av. Coronel Roca 5880, CABA, desc",,,
"Ruta Pcial. 51. km 121,3, Carmen de Areco, Pcia. Bs. As. Sentido Asc.",,,
"Avenida B. Mitre 936, Vicente López, Pcia. de Bs. As. - Sentido de circulación: descendente",,,
"Ruta Pcial. N° 39, km 2, Exaltación de la Cruz, Pcia. de Bs. As. - Sentido de circulación: ascendente",,,
"Ruta Pcial. N° 39, km 2,3, Exaltación de la Cruz, Pcia. de Bs. As. - Sentido de circulación: descendente",,,
"Avenida del Libertador 3697, Vicente López, Pcia. de Bs. As. -Sentido de circulación: ascendente",,,
"Avenida de los Constituyentes 2199, Vicente López, Pcia. de Bs. As. - Sentido de circulación: ascendente",,,
"Avenida Maipú 4000, Vicente López, Pcia. de Bs. As. - Sentido de circulación: ascendente",,,
"Avenida Martín Fierro 3700, Ituzaingo, Pcia. de Bs. As. - Sentido de circulación: ascendente",,,
"Avenida Néstor Kirchner 22295, Ituzaingo, Pcia. de Bs. As. - Sentido de circulación: ascendente",,,
"Ruta Provincial N° 2 - km 52, La Plata, Bs. As. Ascendente (CABA hacia MdP)",,,
"Ruta Nacional A012 - km 62,6, en jurisdicción de la localidad de Ricardone, provincia de Santa Fe",,,
"Ruta Nacional N° 34 - km 42,6 (carril con sentido de circulación ascendente), en jurisdicción de la localidad de Salto Grande, provincia de Santa Fe",,,
"Ruta Nacional N° 34 - km 44,5 (carril con sentido de circulación descendente), en jurisdicción de la localidad de Salto Grande, provincia de Santa Fe",,,
"Ruta Nacional N° 33 - km 667,2 (carril 1 sentido descendente / carril 2 sentido ascendente), en jurisdicción de la localidad de Chovet, provincia de Santa Fe",,,
"Ruta Nacional N° 33 - km 658,2 (carril 1 sentido descendente / carril 2 sentido ascendente), en jurisdicción de la localidad de Murphy, provincia de Santa Fe",,,
"Ruta Nacional N° 8 - km 351,5 (carril 1 descendente / carril 2 ascendente), en jurisdicción de la localidad de Venado Tuerto, provincia de Santa Fe",,,
"Ruta Nacional N° 34 - km 231,2, en jurisdicción de la localidad de Rafaela, provincia de Santa Fe",,,
"Av. Maipu 2122 (Carriles 2 y 3 sentido descendente) - Vicente Lopez, provincia de Buenos Aires",,,
"Ruta Provincial N° 70 - km 70,4 (carril sentido descendente), en jurisdicción de la localidad de Bella Italia, provincia de Santa Fe",,,
"Ruta Provincial N° 70 - km 67,7 (carril sentido descendente), en jurisdicción de la localidad de Bella Italia, provincia de Santa Fe (cambio de señalización de la ruta)",,,
"Ruta Provincial N° 21 - km 280 (carril sentido descendente), en jurisdicción de la localidad de Pueblo Esther, provincia de Santa Fe",,,
"Av. 3 de abril N° 427 (Carriles 1 y 2 en sentido desdendente) de la localidad de Corrientes, provincia de Corrientes",,,
"Ruta Nacional N° 22 - km 1134,8 (carriles 1 y 2 en sentido descendente), en jurisdicción de la localidad de Villa Regina, provincia de Río Negro",,,
"Ruta Nacional N° 34 - km 152,5 (carril 1 sentido ascendente / carril 2 sentido descendente), en jurisdicción de la localidad de San Martín de las Escobas, provincia de Santa Fe",,,
"Ruta Provincial N° 65 - km 41,5 (carril sentido ascendente), en jurisdicción de la localidad de San Genaro, provincia de Santa Fe",,,
"Ruta Nacional N° 12 - km 954 (ambos carriles de circulación), en jurisdicción de la localidad de San Lorenzo, provincia de Corrientes",,,
"Ruta Nacional N° 12 - km 1021,5 (ambos carriles de circulación), en jurisdicción de la localidad de Riachuelo, provincia de Corrientes",,,
"Ruta Nacional N° 12 - km 1045,6 (ambos carriles de circulación), en jurisdicción de la localidad de San Cosme, provincia de Corrientes",,,
"Ruta Nacional N° 22 - km 1127,7 (carriles 1 y 2 en sentido ascendente), en jurisdicción de la localidad de Villa Regina, provincia de Río Negro",,,
"Ruta Provincial N° 65 - km 42,7 (carril sentido descendente), en jurisdicción de la localidad de San Genaro, provincia de Santa Fe",,,
"Ruta Provincial N° 1 - km 7,5 (Carril 1 sentido ascendente - Carril 2 sentido descendente), en jurisdicción de la localidad de San josé del Rincón, provincia de Santa Fe",,,
"Ruta Provincial N° 1 - km 8,5 (Carril 1 sentido ascendente - Carril 2 sentido descendente), en jurisdicción de la localidad de San josé del Rincón, provincia de Santa Fe",,,
"Ruta Nacional N° 11 - km 315 (carriles sentido ascendente), en jurisdicción de la localidad de Granadero Baigorria, provincia de Santa Fe",,,
"Ruta Nacional N° 11 - km 318,4 (carriles sentido descendente), en jurisdicción de la localidad de Granadero Baigorria, provincia de Santa Fe",,,
"Ruta Nacional N° 33 - km 753,8 (carril sentido ascendente), en jurisdicción de la localidad de Pujato, provincia de Santa Fe",,,
"Ruta Nacional N° 33 - km 756,1 (carril sentido descendente), en jurisdicción de la localidad de Pujato, provincia de Santa Fe",,,
"AU Perito Moreno - km 4,8 (carriles 1 y 2 con sentido de circulación ascendente), C.A.B.A.",,,
"AU Perito Moreno - km 4,8 (carriles 3 y 4 con sentido de circulación ascendente), C.A.B.A.",,,
"Ruta Provincial N° 18 - km 11,5 (carril 1 sentido descendente / carril 2 sentido ascendente), en jurisdicción de la localidad de Álvarez, provincia de Santa Fe",,,
"Ruta Nacional N° 11 - km 315 (carriles sentido descendente), en jurisdicción de la localidad de Granadero Baigorria, provincia de Santa Fe",,,
"Ruta Nacional N° 11 - km 318,4 (carriles sentido ascendente), en jurisdicción de la localidad de Granadero Baigorria, provincia de Santa Fe",,,
"Ruta Nacional N° 9 - km 351 (carril sentido ascendente), en jurisdicción de la localidad de Carcarañá, provincia de Santa Fe",,,
"Ruta Nacional N° 9 - km 352,7 (carril sentido descendente), en jurisdicción de la localidad de Carcarañá, provincia de Santa Fe",,,
"Av. Cazadores Correntinos N° 3167 (carriles sentido ascendente) de la localidad de Corrientes, provincia de Corrientes",,,
"Av. Presidente Nicolás Avellaneda N° 4033 (carriles sentido decendente) de la localidad de Corrientes, provincia de Corrientes",,,
"Ruta Provincial N° 9 - km 2,4 (carril 1 sentido ascendente / carril 2 sentido descendente), en jurisdicción de la localidad de Paso de la Patria, provincia de Corrientes",,,
"Ruta Nacional N° 11 - km 564,7 (carril sentido ascendente), en jurisdicción de la localidad de San Justo, provincia de Santa Fe",,,
"Ruta Nacional N° 11 - km 569,1 (carril sentido descendente), en jurisdicción de la localidad de San Justo, provincia de Santa Fe",,,
"Ruta Provincial N° 61 - km 64,2 (carril sentido descendente) de la localidad de San Justo, provincia de Santa Fe",,,
"Ruta Nacional N° 9 - km 325 (carril sentido ascendente), en jurisdicción de la localidad de Roldán, provincia de Santa Fe",,,
"Ruta Provincial N° 1 - km 36 (carril sentido ascendente), en jurisdicción de la localidad de Santa Rosa de Calchines, provincia de Santa Fe",,,
"Ruta Provincial N° 1 - km 38,5 (carril sentido descendente), en jurisdicción de la localidad de Santa Rosa de Calchines, provincia de Santa Fe",,,
"Av. Leopoldo Lugones - km 4,9 (Carriles 4 y 5 - Sentido descendente) de la Ciudad Autónoma de Buenos Aires",,,
"Au. Dellepiane km 1,15 Carril 1 y 2 Ascendente - C.A.B.A.",,,
"AU1 25 de Mayo km 8,4 Carril 2 y 3 Ascendente - C.A.B.A",,,
"Av. Gral. Paz km 4,3 carril 3, 4 y 5 Asc. Ciudad Autónoma de Buenos Aires",,,
"Av. Gral. Paz km 10 carril 2,3 y 4 Asc. Ciudad Autónoma de Buenos Aires",,,
"Av. Gral. Paz, km 10, carriles 2, 3 y 4 asc CABA.",,,
"Av. Gral Paz km 17,5 caril 1, 2 y 3 Ascendente (ARCHIVO DNCI DICE CARRIL 2, 3 Y 4)",,,
"Av. Gral Paz km 17,5 carril 1, 2 y 3 Ascendente",,,
"Av. Gral Paz km 22,5 carril 1, 2 y 3 Descendente",,,
"Av. Gral. Paz km 22,5 carril 1, 2, y 3 Desc. Ciudad Autónoma de Buenos Aires (ARCHIVO DNCI DICE CARRIL 2, 3 Y 4)",,,
"Av. Gral Paz km 13,1 carril 4,5 y 6 descendete",,,
"Av. Gral. Paz, km 13,1 carriles 4,5,6 CABA. Sentido de circulación descendente",,,
"Av. Gral Paz km 4,3 carril 2,3 y4 Descendente",,,
"Av. Gral. Paz, km 4,3, carriles 2, 3 y 4 desc CABA.",,,
"Av. Aristóbulo del Valle N° 8700 de la localidad de Santa Fe de la Vera Cruz, provincia de Santa Fe",,,
"Av. Ing. Banchik 6010 de la ciudad de Salta, provincia de Salta",,,
"Av. Martín Fierro 3725 (carril sentido ascendente) de la localidad de Ituzaingó, provincia de Buenos Aires.",,,
"Av. Nestor C. Kirchner 22295 (carril sentido ascendente) de la localidad de Ituzaingó, provincia de Buenos Aires.",,,
"Ruta Provincial 14, km 5,2, Soldini, Pcia. de Santa Fé, sentido de circulación: Alvarez-Soldini (sur-norte).",,,
"Ruta Provincial N° 14 - km 5,2 (carril sentido descendente), en jurisdicción de la localidad de Soldini, provincia de Santa Fe.",,,
"Ruta Provincial N° 11 - km 249,4 (carriles 1 y 2 sentido ascendente), en jurisdicción de la localidad de Tordillo, provincia de Buenos Aires",,,
"Ruta Provincial N° 2 - km 52 (carriles 1 y 2 sentido descendente), en jurisdicción de la localidad de La Plata, provincia de Buenos Aires",,,
"Ruta Provincial N° 11 - km 249,4 (carriles 1 y 2 sentido descendente), en jurisdicción de la localidad de Tordillo, provincia de Buenos Aires",,,
"Ruta Provincial N° 2 - km 52 (carriles 1 y 2 sentido ascendente), en jurisdicción de la localidad de La Plata, provincia de Buenos Aires",,,
"Ruta Provincial N° 55 - km 75,6 (carriles sentido ascendente), en jurisdicción de la localidad de Balcarce, provincia de Buenos Aires",,,
"Ruta Provincial N° 6 - km 83,5 (Carril sentido ascendente) en jurisdicción de la localidad de Zárate, provincia de Buenos Aires",,,
"Ruta Provincial N° 6 - km 83,5 (Carril sentido descendente) en jurisdicción de la localidad de Zárate, provincia de Buenos Aires",,,
"Avenida del Libertador 5500 (carriles sentido ascendente), de la localidad de Moreno, provincia de Buenos Aires",,,
"Avenida del Libertador 5500 (carriles 1 y 2 sentido descendente), de la localidad de Moreno, provincia de Buenos Aires",,,
"Av. Centenario N° 17163 (carriles 1 y 2 sentido ascendente) de la localidad de San Isidro, provincia de Buenos Aires",,,
"Autopista La Plata - Buenos Aires - km 41,5 (carriles sentido ascendente), en jurisdicción de la localidad de Villa Elisa, provincia de Buenos Aires",,,
"Autopista La Plata - Buenos Aires - km 41,5 (carriles sentido descendente), en jurisdicción de la localidad de Villa Elisa, provincia de Buenos Aires",,,
"Autopista La Plata - Buenos Aires - km 33,8 (carriles 1 y 2 sentido ascendente), en jurisdicción de la localidad de Berazategui, provincia de Buenos Aires",,,
"Autopista La Plata - Buenos Aires - km 17 (carriles sentido descendente), en jurisdicción de la localidad de Berazategui, provincia de Buenos Aires",,,
"Autopista La Plata - Buenos Aires - km 17 (carriles sentido ascendente), en jurisdicción de la localidad de Berazategui, provincia de Buenos Aires",,,
"Autopista La Plata - Buenos Aires - km 33,8 (carriles 1 y 2 sentido descendente), en jurisdicción de la localidad de Berazategui, provincia de Buenos Aires",,,
"Camino del Buen Ayre - km 9,7 (carriles 1 y 2 sentido descendente), en jurisdicción de la localidad de San Martín, provincia de Buenos Aires",,,
"Camino del Buen Ayre - km 9,7 (carriles 1 y 2 sentido ascendente), en jurisdicción de la localidad de San Martín, provincia de Buenos Aires",,,
"Avenida Circunvalación esq. Sampayo (carriles 1 y 2 sentido ascendente), en jurisdicción de la localidad de Junín, provincia de Buenos aires",,,
"Ruta Provincial N° 2 - km 103,5 (Carriles entido ascendente), en jurisdicción de la localidad de Chascomús, provincia de Buenos Aires.",,,
"Av. Alem N° 1300 (carriles descendentes) de la localidad de Santa Fe de la Vera Cruz, provincia de Santa Fe",,,
"Av. Alem N° 1300 (carriles ascendentes) de la localidad de Santa Fe de la Vera Cruz, provincia de Santa Fe",,,
"Av. Juan Domingo Perón N° 4260 de la localidad de Salta, provincia de Salta.",,,
"Av. Juan Domingo Perón N° 3100 de la localidad de Salta, provincia de Salta.",,,
Av. Crisólogo Larralde N° 5281 (carriles 2 y 3 sentido ascendente) de la Ciudad Autónoma de Buenos Aires,,,
Av. Crisólogo Larralde N° 6032 (carriles 1 y 2 sentido ascendente) de la Ciudad Autónoma de Buenos Aires,,,
"Av. Intendente Cantilo - km 9,8 (carriles 3, 4 y 5 sentido ascendente) de la Ciudad Autónoma de Buenos Aires",,,
"Ruta Provincial N° 31 - km 123,5 (carriles 1 y 2 sentido ascendente), en jurisdicción de la localidad de Salto, provincia de Buenos Aires",,,
"Av. Peñaloza N° 5700 de la localidad de Santa Fe de la Vera Cruz, provincia de Santa Fe",,,
"Ruta Provincial N° 31 - km 123,5 (carriles sentido ascendente), en jurisdicción de la localidad de Salto, provincia de Buenos Aires",,,
"Sivori 4917 (carril sentido ascendente) de la localidad de Bahía Blanca, provincia de Buenos Aires",,,
"Ruta Nacional N° 11 - km 547,8 (carril 1 ascendente / carril 2 descendente), en jurisdicción de la localidad de Videla, provincia de Santa Fe",,,
"Ruta Nacional N° 11 - km 619 (carril 1 descendente / carril 2 ascendente), en jurisdicción de la localidad de Gobernador Crespo, provincia de Santa Fe",,,
"Ruta Pcial. Nº 6, km 194, Campana, Pcia. de Bs. As. - Sent. Asc.",,,
"Ruta Prov. 6 km 194, Campana Pcia. de Bs.As. Sentido ascendente",,,
"Ruta Prov. 6 km 194, carril 1 y carril 2 Campana Pcia. de Bs.As. Sentido ascendente",,,
"rov. 6 km 194, carril 1 y carril 2 Campana Pcia. de Bs.As. Sentido asce",,,
"Ruta Provincial Nº 6 km 194, Campana, Pcia. De Buenos 
Aires.Sentido: Descendente",,,
"Ruta Provincial Nº 6 km 194, Campana, Pcia. De Buenos Aires. Sentido: Descendente",,,
"Ruta Provincial Nº 6 km 194, Campana, Pcia. De Buenos Aires. Sentido: Descendente c 1 y 2",,,
"Avenida 6 de Julio N° 1100 (carriles 1 y 2 sentido descendente) de la localidad de Campana, provincia de Buenos Aires",,,
"Avenida 6 de Julio Nº 1100, Campana, Pcia. de Buenos Aires.Sentido: Descendente",,,
Au. Cno. Del Buen Ayre km 21 carril 2 y 3 asc. Ituzaingo Bs. As.,,,
"Ruta Nacional N° 34 - km 169,5, en jurisdicción de la localidad de San Vicente, provincia de Santa Fe",,,
"Av. Hipolito Yrigoyen 5000 (carriles 2 y 3 sentido descendente) de la localidad de San Fernando, provincia de Buenos Aires",,,
"Av. Hipolito Yrigoyen 5000 (carriles 2 y 3 sentido ascendente) de la localidad de San Fernando, provincia de Buenos Aires",,,
"Uruguay 6659 (carriles 1 y 2 sentido ascendente) de la localidad de San Fernando, provincia de Buenos Aires",,,
"Pte. Raúl Alfonsín 971, Bahía Blanca, Pcia de Bs. As., 
Sentido:Ascendente.",,,
"Pte. Raúl Alfonsín 971, Bahía Blanca, Pcia de Bs. As., Sentido: Ascendente.",,,
Presidente Raul Alfonsin 971 ascendente Bahia Blanca,,,
"Pte. Raúl Alfonsín 970, Bahía Blanca, Pcia de Bs. As., 
Sentido:Descendente.",,,
"Pte. Raúl Alfonsín 970, Bahía Blanca. Bs. As. Desc.",,,
Presidente Raul Alfonsin 970 descendente Bahia Blanca,,,
"Av. De La Unidad Nacional 780, San Isidro, Pcia. de Bs. As., Asc.",,,
Av. De la unidad nacional 780 - C1 y C2 Asc. San Isidro,,,
"Avenida Unidad Nacional 780, San Isidro, Pcia. de Buenos 
Aires,Sentido: descendente",,,
"Av. De La Unidad Nacional 780, San Isidro, Pcia. de Bs. As., Desc.",,,
Av. De la unidad nacional 780 - C1 y C2 Desc. San Isidro,,,
Av. De la unidad nacional 780 - C1 y C2 Desc. San Isidro Bs. As.,,,
"Av. Marquez 1515, San Isidro, Pcia. de Bs. As., Asc.",,,
"Av. Marquez 1590, San Isidro, Pcia. de Bs. As., Desc.",,,
"Avenida del Libertador 15570, San Isidro, Pcia. de Buenos 
Aires,Sentido: descendente",,,
"Av. Del Libertador 15570, San Isidro, Pcia. de Bs. As., Desc.",,,
Av. Del Libertador de Gral. San Martin 15570 carril 1 y 2 descendente San Isidro,,,
"Ruta Provincial N° 6 - km 65,5 en la localidad de Esperanza, provincia de Santa Fe.",,,
"Ruta Provincial N° 70 - km 15,7 en la localidad de Esperanza, provincia de Santa Fe",,,
"Ruta Provincial N° 70 - km 13,1 (carril 1 ascendente / carril 2 descendente) en jurisdicció de la localidad de Esperanza, provincia de Santa Fe",,,
"Avenida Uruguay 6650, San Isidro, Pcia. de Buenos Aires. 
Sentido:Descendente",,,
"Av. Uruguay 6650, San Isidro, Pcia de Bs. As., Sentido: Descendente.",,,
"Juan Manuel de Rosas 4700, San Martín, Pcia. de Bs. 
As.,ascendente.",,,
"Juan Manuel de Rosas 4700, San Martín, Pcia. de Bs. As., ascendente.",,,
"Av. Juan Manuel de Rosas 4700, San Martín, Pcia. de Bs. As., ascendente. Carril 2 y 3",,,
"Juan Manuel de Rosas 4700, San Martín, Pcia. de Bs. 
As.,descendente.",,,
"Juan Manuel de Rosas 4700, San Martín, Pcia. de Bs. As., descendente.",,,
Av. J.M. de Rosas 4700 Carril 2y 3 San Martin - Descendente,,,
"Ruta Provincial Nº 70 km 70,4 Bella Italia, Pcia. de Santa Fé, sentido de circulación: Esperanza - Rafaela E-O.",,,
"Ruta Provincial N° 70 - km 70,4, en jurisdicción de la localidad de Bella Italia, provincia de Santa Fe",,,
"Dr. Ricardo Balbin 4883 (carril sentido ascendente) de la localidad de San Martín, provincia de Buenos Aires",,,
"Dr. Ricardo Balbin 4880 (carril sentido descendente) de la localidad de San Martín, provincia de Buenos Aires",,,
"Ruta Provincial 30 esq. calle 836 (carril 1 sentido ascendente), en jurisdicción de la localidad de Chacabuco, provincia de Buenos Aires",,,
"Juan Domingo Perón 3751 (carril sentido ascendente) de la localidad de Bahía Blanca, provincia de Buenos aires",,,
"Juan Domingo Perón 3750 (carril sentido descendente) de la localidad de Bahía Blanca, provincia de Buenos aires",,,
"Ruta Nacional A012 - km 60,4, en jurisdicción de la localidad de Ricardone, provincia de Santa Fe",,,
"Ruta Nacional N° 9 - km 326,2, en jurisdicción de la localidad de Roldán, provincia de Santa Fe",,,
"Corredor Bancalari - km 0,30 (carriles 1 y 2 sentido ascendente), de la localidad de San Fernando, provincia de Buenos Aires",,,
"Ruta Provincial N° 30 y calle 836, Chacabuco, Pcia de Buenos Aires,Sentido: descendente",,,
"Ruta Provincial N° 1 - km 111, en jurisdicción de la localidad de Saladero Cabal, provincia de Santa Fe",,,
"Ruta Provincial S20 - km 2,1, en jurisdicción de la localidad de Piñero, provincia de Santa Fe",,,
"Ruta Nacional A012 - km 9,8 en jurisdicción de la localidad de Piñero, provincia de Santa Fe.",,,
"Ruta Provincial N° 1 - km 12,9 (ambos sentidos), en jurisdicción de la localidad de Arroyo Leyes, provincia de Santa Fe",,,
"Ruta Provincial N° 6 - km 159,3 (carril sentido ascendente), en jurisdicción de la localidad de Luján, provincia de Buenos Aires",,,
"Ruta Nacional N° 9 - km 329,1 (carril sentido descendente), en jurisdicción de la localidad de Roldán, provincia de Santa Fe",,,
"Ruta Provincial N° 14 - km 48 (carril 1 sentido ascendente / carril 2 sentido descendente), en jurisdicción de la localidad de Villa Mugueta, provincia de Santa Fe.",,,
"Ruta Provincial N° 51 - km 96,7 (carril sentido descendente), en jurisdicción de la localidad de Capitán Sarmiento, provincia de Buenos Aires",,,
"Ruta Provincial N° 51 - km 96,7 (carril sentido ascendente), en jurisdicción de la localidad de Capitán Sarmiento, provincia de Buenos Aires",,,
"Ruta Provincial N° 6 - km 159,3 (carril sentido descendente), en jurisdicción de la localidad de Luján, provincia de Buenos Aires",,,
"Ruta Provincial N° 51 - km 121,3 (carril sentido descendente), en jurisdicción de la localidad de Carmen de Areco, provincia de Buenos Aires",,,
"Av. San Juan 730 (carriles 2,3 y 4 sentido descendente) de la Ciudad Autónoma de Buenos Aires",,,
Avenida San Juan N° 2507 de la Ciudad Autónoma de Buenos Aires,,,
Avenida Coronel Roca N° 5880 (carriles 2 y 3 sentido descendente) de la Ciudad Autónoma de Buenos Aires.,,,
"Ruta Provincial N° 51 - km 121,3 (carril sentido ascendente), en jurisdicción de la localidad de Carmen de Areco, provincia de Buenos Aires",,,
"Avenida Del Libertador 538 (carriles 2 y 3 sentido descendente), en jurisdicción de la localidad de Vicente López, provincia de Buenos Aires",,,
"Ruta Provincial N° 2 - km 195,9 (carril con sentido de circulación ascendente), en jurisdicción de la localidad de Dolores, provincia de Buenos Aires",,,
"Avenida Del Libertador 451 (carril sentido ascendente), en jurisdicción de la localidad de Vicente López, provincia de Buenos Aires",,,
"Avenida Maipú 3970 (carril sentido descendente) de la localidad de Vicente López, provincia de Buenos Aires",,,
"Ruta Provincial N° 39 - km 2 (carril 1 sentido ascendente), en jurisdicción de la localidad de Exaltación de la Cruz, provincia de Buenos Aires.",,,
"Ruta Provincial N° 39 - km 2,3 (carril 1 sentido descendente), en jurisdicción de la localidad de Exaltación de la Cruz, provincia de Buenos Aires.",,,
"Ruta Provincial N° 2 - km 195,9 (carriles 1 y 2 sentido descendente), en jurisdicción de la localidad de Dolores, provincia de Buenos Aires",,,
"Av. Del Libertador 3697, Vte. López, Bs As, asc",,,
"Av. Del Libertador 4000, Vte. Lopez, sentido de circulación 
descendente.",,,
"Av. Benavides 4300, Tigre, Pcia. de Bs. As., descendente.",,,
"Av. Benavides 4300 carril 1 y carril2, Tigre, Pcia. de Bs. 
As.,descendente.",,,
"Avenida Benavidez Nº 3850, Tigre. Provincia de Buenos Aires.Sentido ascendente",,,
"Avenida Benavidez Nº 3850, Tigre. Provincia de Buenos Aires. Sentido ascendente c 1 y 2",,,
"Av. Martin Fierro 3550, Ituzaingo, Bs. As. Sent: descendente",,,
"Av. Mosconi 2298, La Matanza, Bs. As. Desc.",,,
"Av. Martin Fierro 3725, Ituzaingo, Bs. As. Asc. C1 y C2",,,
Av.Martin Fierro 3725 ascendente - ituzaingo carril 1 y 2,,,
"Av. Martin Fierro 3725, Ituzaingo, Bs. As. Asc. C1 y C2 ituzaingo Bs As",,,
"Av. Don Bosco 5350, La Matanza, Bs As, desc",,,
"Av. Nestor C. Kirchner 22265, carril 1 y carril 2 Ituzaingo, Pcia. de Bs. As., descendente.",,,
"Av. Nestor C. Kirchner 22295, carril 1 y carril 2 Ituzaingo, Pcia. de Bs. As., ascendente.",,,
Av. N.C. Kirchner 22295 asc. Carril 1 y carril 2 ituzaingo BsAs,,,
"Autopista AP 01 ""Brigadier Estanislao López"" - km 78,9, en jurisdicción de la localidad de Barrancas, provincia de Santa Fe. Sentido de circulación descendente (Norte a Sur)",,,
"Autopista AP 01 ""Brigadier Estanislao López"" - km 78,9, en jurisdicción de la localidad de Barrancas, provincia de Santa Fe. Sentido de circulación ascendente (Sur a Norte)",,,
"Ruta Nacional N° 11 - km 472,5 (carril sentido de circulación descendente), en jurisdicción de la localidad de Santa Fe de la Vera Cruz, provincia de Santa Fe",,,
"Ruta Nacional N° 11 - km 472,5 (carril sentido de circulación ascendente), en jurisdicción de la localidad de Santa Fe de la Vera Cruz, provincia de Santa Fe",,,
"Autopista AP 01 ""Brigadier Estanislao López"" - km 151,3 (carriles sentido descendente), en jurisdicción de la localidad de Santa Fe de la Vera Cruz, provincia de Santa Fe",,,
"Autopista AP 01 ""Brigadier Estanislao López"" - km 151,3 (carriles sentido ascendente), en jurisdicción de la localidad de Santa Fe de la Vera Cruz, provincia de Santa Fe",,,
"Ruta Nacional N° 9 - km 260,5 (carriles sentido descendente), en jurisdicción de la localidad de Fighiera, provincia de Santa Fe",,,
"Ruta Nacional N° 9 - km 260,5 (carriles sentido ascendente), en jurisdicción de la localidad de Fighiera, provincia de Santa Fe",,,
"Ruta Nacional N° 9 - km 361 (carriles sentido ascendente), en jurisdicción de la localidad de Cañada de Gómez, provincia de Santa Fe",,,
"Ruta Nacional N° 9 - km 361 (carriles sentido descendente), en jurisdicción de la localidad de Cañada de Gómez, provincia de Santa Fe",,,
"Au. 25 de Mayo km 7,2 Ciudad Autónoma de Buenos Aires Desc.",,,
"Autopista 25 de Mayo, km 4,1, Ciudad Autónoma de Buenos Aires,Sentido: ascendente",,,
"Autopista Perito Moreno km 0,5 carril 3 y 4 asc. CABA",,,
"Au. Arturo Frondizzi km 3,0 carril 1, 2 y 3 Ciudad Autónoma de Buenos Aires Asc.",,,
"Autopista Perito Moreno km 4,9, Ciudad Autónoma de Buenos Aires,Sentido: ascendente",,,
"Autopista Perito Moreno km 4,9, Ciudad Autónoma de Buenos Aires, Sentido: ascendente",,,
"Au. Perito Moreno km 4,4 Carril 2, 3y 4 Asc. CABA",,,
"Avenida del Libertador 5666, Ciudad Autónoma de Buenos 
Aires,Sentido: descendente",,,
"Avenida del Libertador N° 5666, Ciudad Autónoma de Buenos Aires,Sentido: descendente",,,
"Avenida del Libertador N° 5666, Ciudad Autónoma de Buenos Aires, Sentido: descendente",,,
"Av. Del Libertador C1, C2 Y C3 DESC. CABA",,,
"Av. Del Libertador N° 5275, Ciudad Autónoma de Buenos 
Aires.Sentido: Ascendente",,,
Av. Del Libertador 5275 Asc. Ciudad Autónoma de Buenos Aires,,,
"Avenida Leopoldo Lugones km 8,7. Ciudad Autónoma de Buenos Aires . Sentido: unico",,,
"Av. L.Lugones km 8,7 c1 c2 c3 sent. Desc. Caba",,,
"Avenida Intendente Cantilo, km 8,7, Ciudad Autónoma de Buenos Aires, Sentido: único",,,
"Av. Intendente Cantilo km 8,7. Ciudad Autónoma de Buenos Aires .Sentido: unico (asc.)",,,
"Av. Intendente Cantilo km 8,7. Ciudad Autónoma de Buenos Aires . Sentido: unico (asc.)",,,
"Av. Intendente Cantilo km 8,7. carril 1 , 2 y 3 Ciudad Autónoma de Buenos Aires . Sentido: unico (asc.)",,,
"Av. Int. Cantilo km 8,7 c1 c2 c3 sent. Unico ascendente",,,
"Avenida Dorrego N° 3700, Ciudad Autónoma de Buenos 
Aires,Sentido: ascendente",,,
"Avenida Dorrego N° 3700, Ciudad Autónoma de Buenos Aires, Sentido: ascendente",,,
"Av. Dorrego 3700 C1,C2 y C3 Asc. CABA",,,
"Ramal 3 de transición km 0,1, Ciudad Autónoma de Buenos 
Aires,Sentido: ascendente",,,
"Ramal 3 de transición km 0,1, Ciudad Autónoma de Buenos Aires, Sentido: ascendente",,,
"Au.1 - Au.6 Ramal 3 de transicion km 0,1 carril 1, 2 y 3 CABA",,,
"AU1-AU6 RAMAL3 de transicion km 0,1",,,
Avenida Estado de Israel Nº 4460. Ciudad Autónoma de Buenos Aires. Sentido: ascendente,,,
"Av. Estado de Israel 4460, CABA. Asc (único sentido)",,,
"Avenida Estado de Israel Nº 4460. carril 3,4 y 5 Ciudad Autónoma de Buenos Aires. Sentido: ascendente",,,
"AV. ESTADO DE ISRAEL 4460 C3, C4 Y C5 ASC. CABA",,,
"Avenida Directorio 4085 , Ciudad Autónoma de Buenos Aires.Sentido: unico",,,
"Avenida Directorio 4085 , Ciudad Autónoma de Buenos Aires. Sentido: unico",,,
"Donado 3660, Ciudad Autónoma de Buenos Aires. 
Sentido:descendente",,,
Donado 3660 C.A.B.A. sentido Descendente,,,
"Donado 3660 Carril 2,3 y 4 Sentido Descendente - CABA",,,
"Donado 3660 carril 2, 3 y 4, Ciudad Autónoma de Buenos Aires. Sentido: descendente",,,
Avenida Dr. Ricardo Balbin Nº 4640. Ciudad Autónoma de Buenos Aires. Sentido: descendente,,,
"Av. Dr. Ricardo Balbin 4640 - carril 2, carril 3 y carril 4",,,
"Ruta Nacional N° 11 - km 377,5 (carril sentido descendente), en jurisdicción de la localidad de Monje, provincia de Santa Fe",,,
"Ruta Nacional Nº 11, km 376,5, Monje, Pcia. de Santa Fé, sentido de circulación Maciel - Barrancas.",,,
"Ruta Nacional N° 11 - km 376,5 (carril sentido ascendente), en jurisdicción de la localidad de Monje, provincia de Santa Fe",,,
"Ruta Provincial N° 21 - km 278,5 (carril sentido ascendente), en jurisdicción de la localidad de Pueblo Esther, provincia de Santa Fe",,,
"Ruta Nacional N° 34 km 231,2, Rafaela, Pcia. de Santa Fé, sentido de circulación: carril 1 descendente N-S, carril 2 ascendente S-N.",,,
"Ruta Provincial N° 21 y el Pindo (carriles 2 y 3 sentido ascendente), en jurisdicción de la localidad de La Matanza, provincia de Buenos Aires.",,,
"Av. B. Campos 1201 (carril sentido descendente), de la localidad de Necochea, provincia de Buenos Aires.",,,
"Monseñor Bufano 3302 (carriles 1 y 2 sentido descendente) de la localidad de La Matanza, provincia de Buenos Aires.",,,
"Ruta Provincial N° 65 - km 172,2 (carril sentido ascendente), en jurisdicción de la localidad de 9 de Julio, provincia de Buenos Aires",,,
"Avenida Maipú - km 7,8 de la localidad de Corrientes, provincia de Corrientes.",,,
"Avenida Crovara 4000 (Carriles 1 y 2 - Sentido de circulación descendente), La Matanza, provincia de Buenos Aires.",,,
"Avenida Pte. J.D. Perón 1936 (Carriles 1 y 2 sentido descendente), La Matanza, provincia de Buenos Aires.",,,
"Ruta Provincial N° 65 - km 171,1 (carriles 1 y 2 sentido descendente), en jurisdicción de la localidad de 9 de Julio, provincia de Buenos Aires.",,,
"Av. Pte. J. D. Perón 621, La Matanza, Bs As, asc",,,
"Av. Costanera General San Martín N° 1190 de la localidad de Corrientes, provincia de Corrientes.",,,
"Monseñor Bufano 6480 y RP 21, La Matanza, Bs. As. Desc",,,
Monseñor Bufano 6480- carril 2y 3 La Matanza - Descendente,,,
Monseñor Bufano 6480 Carril 1 y carril 2 desc. La Matanza Bs As.,,,
Monseñor Bufano 6480 C2 y C3 Desc. La Matanza,,,
"Av. Nestor C. Kirchner 22260, Ituzaingo, Pcia. de Bs. 
As.,descendente.",,,
"Av. Nestor C. Kirchner 22260, Ituzaingo, Pcia. de Bs. As., descendente.",,,
Av N. Kirchner 22260 Ituzaingo Bs As desc,,,
"Av. Nestor C. Kirchner 22260, Ituzaingo, Pcia. de Bs. As., 
descendente.",,,
"Av. Circunvalación y Gral. Frias, Junín, Bs. As. sentido: Desc.",,,
"Av. Circunvalación y Gral. Frias, Junín, Bs. As. sentido: Desc. Carriles 1 y 2",,,
Av. Maipú N° 3203 de la localidad de Corrientes. Provincia de Corrientes.,,,
"Avenida Libertad Nº 6350, en jurisdicción de la localidad de Corrientes, provincia de Corrientes",,,
"Avenida Libertad Nº 6350, en jurisdicción de la localidad de 
Corrientes, provincia de Corrientes",,,
"Av. Independencia Nº 4070 (carriles sentido ascendente), en jurisdicción de la localidad de Corrientes, provincia de Corrientes",,,
"Av. Independencia Nº 4070 (carriles sentido descendente), en jurisdicción de la localidad de Corrientes, provincia de Corrientes",,,
Fray Luis Beltran 2181 Ituzaingo Bs.As. Asc.,,,
Fray L. Beltran 2181 carril 1 y 2 - Ituzaingo - Bs As - ascendente,,,
"Av. Gral. Juan G. Lemos 2387, Malvinas Argentinas, Pcia. de Bs. As.,descendente.",,,
"Av. Gral. Juan G. Lemos 2387, Malvinas Argentinas, Pcia. de Bs. As., descendente.",,,
"Av, Gral J. G. Lemos 2387",,,
Av. Juan G.Gral Lemos 2387 - C1 Y C2 - DESC. M. Argentina,,,
"Av. Del Sesquicentenario 4823, Malvinas Argentinas, Pcia. de Bs. As., descendente.",,,
"Av. Del sesquicentenario 4823, Malvinas Argentinas carril 2 y 3,Pcia. de Bs. As., descendente.",,,
AV. DEL SEQUIECENTENARIO 4823 - C2 Y C3 - DESC. M. Argentina,,,
"Ruta Nacional N° 34 - km 67 (carril 1 sentido descendente / carril 2 sentido ascendente), en jurisdicción de la localidad de Totoras, provincia de Santa Fe",,,
"Ruta Nacional N° 11 - km 798,5 (carril 1 sentido ascendente / carril 2 sentido descendente), en jurisdicción de la localidad de Avellaneda, provincia de Santa Fe.",,,
Fray Luis Beltran 2110 Ituzaingo Bs.As. Desc..,,,
Fray L. Beltran 2110 carril 1 y 2 - Ituzaingo - Bs As - descendente,,,
"Con. Del Buen Ayre km 12,7, Bs. As. (no quisieron localidad es de la pcia.) Ascendente",,,
"Camino parque Buen Ayre km 12,7 - asc- c1 c2 y c3 Pcia Bs. As.",,,
"Ruta Provincial N° 70 - km 22 (carril sentido descendente), en jurisdicción de la localidad de Esperanza, provincia de Santa Fe",,,
"Ruta Provincial N° 70 - km 20,1 (carril sentido descendente), en jurisdicción de la localidad de Esperanza, provincia de Santa Fe",,,
Av. Gorriti N° 3490 de la localidad de Santa Fe de la Vera Cruz,,,
"Ruta Provincial 6 - km 68,1, en jurisdicción de la localidad de Esperanza, provincia de Santa Fe - carril único en sentido descendente (de Norte hacia Sur, o desde cruce con Ruta Provincial N° 4 hacia Esperanza)",,,
"Ruta Nacional N° 168 - km 2 (carriles sentido descendente) de la localidad de Santa Fe de la Vera Cruz, provincia de Santa Fe.",,,
"Ruta Nacional N° 9 - km 339,1 (carril sentido ascendente), en jurisdicción de la localidad de San Jerónimo Sud, provincia de Santa Fe.",,,
"Ruta Nacional N° 168 - km 1 (carriles sentido ascendente) de la localidad de Santa Fe de la Vera Cruz, provincia de Santa Fe.",,,
"Ruta Nacional N° 168 - km 472 (carriles sentido ascendente) de la localidad de Santa Fe de la Vera Cruz, provincia de Santa Fe.",,,
Ruta Pcial 51 y calle 58 C1 y C2 desc Azul Bs. As.,,,
RP 51 Y Calle 58 Azul Pcia. de Bs.As. Asc.,,,
"Ruta pcial. 51 y calle 58, Azul, Bs. As. Sent. Asc. Carriles 1 y 2",,,
Av. De los constituyentes 3240 Carril 1 y 2 Descendente - CABA,,,
Av. De los constituyentes carril 1 y 2 desc. CABA,,,
"Ruta Nacional N° 9 - km 340 (carril sentido descendente), en jurisdicción de la localidad de San Jerónimo Sud, provincia de Santa Fe.",,,
"Ruta Nacional N° 9 - km 340 (carril sentido desdendente), en jurisdicción de la localidad de San Jerónimo Sud, provincia de Santa Fe.",,,
Av. Juan B. Justo 8736 Carril 1 y 2 Descendente - CABA,,,
Av. J. B. Justo 8736 Carril 1 y 2 - Desc. - CABA,,,
"Avenida Gaona Nº 1852, Ciudad Autónoma de Buenos Aires.Sentido de circulación: ascendente",,,
"Av, Gaona 1852, CABA, sent. Asc. Carriles 3, 4 y 5",,,
"Bv. Peralta Ramos 6430 Mar del Plata, Bs. As. Sent. Asc.",,,
Bv. Peralta Ramos 6430 carril 1 y carril 2 sent. asc. Mar del Plata Bs As,,,
"Av. Felix U. Camet 1800, Mar del Plata, desc.",,,
"Av. Felix U. Camet 1800 C1 y C2, desc Mar del Plata Bs. As.",,,
"Av. Felix U. Camet 1800, Mar del Plata, asc.",,,
"Av. Felix U. Camet 1800 C1 y C2, asc Mar del Plata Bs. As.",,,
"Bv. Peralta Ramos 6430 Mar del Plata, Bs. As. Sent. Desc.",,,
Bv. Peralta Ramos 6431 carril 1 y carril 2 sent. Desc. Mar del plata,,,
Blas Parera 780 C1 y C2 Asc. Vicente Lopez,,,
"Av. J.D. Perón 2930, Pilar , Pcia. de Bs.As. Sentido: descendente",,,
"Av. J. D. Perón 2930, Pilar, Bs. As. Sent. descendente carriles 1 y 2",,,
Av. Pres. Illia 12860 Del Viso Pilar Bs.As. Asc.,,,
"Av. Pte. Arturo U. Illia 12860, Del Viso, Pilar, Bs. As.",,,
Av. Pdte. Illia 12860 - asc. Carril 1 y 2 del viso - pilar,,,
"Av. J.D. Perón 2883, Pilar , Pcia. de Bs.As. Sentido: ascendente",,,
"Av. J. D. Perón 2883, Pilar, Bs. As. Sent. Ascendente carriles 1 y 2",,,
av. Maipu 2025 -Vicente Lopez - c1 y c2 - asc.,,,
Av. Maipu 2025 - asc. Carril 2 y 3 Vicente Lopez,,,
Avenida Maipu 2025 Carril 1 y 2 Desc. San Isidro Bs.As.,,,
Av.de la Unidad Nacional 2934 - San Isidro - Pcia. de Bs.As.,,,
"Av. Raúl Alfonsín N° 4030 (carril 1 sentido ascendente / carril 2 sentido descendente) de la localidad de Corrientes, provincia de Corrientes",,,
"Av. Raúl Alfonsín N° 3040 de la localidad de Corrientes, provincia de Corrientes",,,
"Av. Laprida N° 1398 (carril 1 sentido ascendente o N-S / carril 2 sentido descendente o S-N) de la localidad de Corrientes, provincia de Corrientes",,,
"Ruta Provincial N° 18 - km 47,6 (carril sentido descendente), en jurisdicción de la localidad de Santa Teresa, provincia de Santa Fe",,,
"Ruta Provincial N° 18 - km 46,8 (carril sentido ascendente), en jurisdicción de la localidad de Santa Teresa, provincia de Santa Fe",,,
"Ruta Nacional N° 11 - km 519,1, (carril 1 sentido ascendente - carril 2 sentido descendente) en jurisdicción de la localidad de Llambi Campbell, provincia de Santa Fe",,,
"Ruta Provincial N° 27 - km 46, en jurisdicción de la localidad de Bella Vista, provincia de Corrientes",,,
"Ruta Provincial N° 27 - km 49, en jurisdicción de la localidad de Bella Vista, provincia de Corrientes",,,
"Ruta Nacional N° 34 - km 84,1 (carril sentido ascendente), en jurisdicción de la localidad de San Genaro, provincia de Santa Fe.",,,
"Ruta Nacional N° 34 - km 86,5 (carril sentido descendente), en jurisdicción de la localidad de San Genaro, provincia de Santa Fe.",,,
"Av. Juan Bautista Alberdi 1260 (carriles 2, 3 y 4 sentido ascendente) de la Ciudad Autónoma de Buenos Aires",,,
Avenida Dorrego 3700 (carril sentido descendente) de la Ciudad Autónoma de Buenos Aires,,,
Avenida Gral. Mosconi 3043 (carril sentido descendente) de la Ciudad Autónoma de Buenos Aires,,,
Avenida Bruix 4435 (carril sentido descendente) de la Ciudad Autonoma de Buenos Aires,,,
Avenida San Juan 730 (carriles sentido descendente) de la Ciudad Autónoma de Buenos Aires,,,
"Autopista 25 de Mayo - km 7,0 (carriles sentido ascendente) de la Ciudad Autónoma de Buenos Aires",,,
"Autopista 25 de Mayo - km 7,2 (carriles 2, 3 y 4 sentido descendente) de la Ciudad Autónoma de Buenos Aires",,,
"Autopista 25 de Mayo - km 4,1 (carriles 2, 3 y 4 sentido ascendente) de la Ciudad Autónoma de Buenos Aires",,,
"Autopista 25 de Mayo - km 5,3 (carriles 2, 3 y 4 sentido descendente) de la Ciudad Autónoma de Buenos Aires",,,
"Avenida Lugones - km 9,8 (carriles 3, 4 y 5 sentido descendente) de la Ciudad Autónoma de Buenos Aires",,,
"Avenida Lugones - km 9,8 (carriles 1 y 2 sentido descendente) de la Ciudad Autónoma de Buenos Aires",,,
Avenida Juan de Garay N° 2031 (carriles sentido ascendente) de la Ciudad Autónoma de Buenos Aires,,,
"Avenida Sarmiento 3480 (carriles 4, 5 y 6 sentido descendente) de la Ciudad Autónoma de Buenos Aires",,,
"Avenida Leopoldo Lugones - km 7,6 (carriles 1 y 2 sentido descendente) de la Ciudad Autónoma de Buenos Aires",,,
"Avenida Leopoldo Lugones - km 7,6 (carriles 3 y 4 sentido descendente) de la Ciudad Autónoma de Buenos Aires",,,
"Autopista Perito Moreno - km 0,5 (carriles 3 y 4 sentido ascendente) de la Ciudad Autónoma de Buenos Aires",,,
"Autopista Dellepiane - km 1,15 (carriles sentido ascendente) de la Ciudad Autónoma de Buenos Aires",,,
"Autopista Dellepiane - km 1,15 (carriles sentido descendente) de la Ciudad Autónoma de Buenos Aires",,,
"Autopista Dellepiane - km 2,3 (carriles sentido ascendente) de la Ciudad Autónoma de Buenos Aires",,,
"Autopista Dellepiane - km 2,3 (carriles 1, 2 y 3 sentido descendente) de la Ciudad Autónoma de Buenos Aires",,,
"Autopista Perito Moreno - km 0,3 (carriles sentido descendente) de la Ciudad Autónoma de Buenos Aires",,,
"Avenida Leopoldo Lugones - km 4,8 (carriles sentido descendente) de la Ciudad Autónoma de Buenos Aires",,,
"Avenida Leopoldo Lugones - km 4,9 (carriles 1 y 2 sentido descendente) de la Ciudad Autónoma de Buenos Aires",,,
"Avenida Intendente Cantilo - km 7,55 (carriles 2, 3 y 4 sentido ascendente) de la Ciudad Autónoma de Buenos Aires",,,
"Autopista Arturo Frondizi - km 1,3 (carriles 1, 2 y 3 sentido descendente) de la Ciudad Autónoma de Buenos Aires",,,
"Autopista Arturo Frondizi - km 3,0 (carriles sentido ascendente) de la Ciudad Autónoma de Buenos Aires",,,
"Autopista Arturo Frondizi - km 2,0 (carriles sentido descendente) de la Ciudad Autónoma de Buenos Aires",,,
"Autopísta Arturo Frondizi - km 0,5 (carriles 1, 2 y 3 - sentido ascendente) de la Ciudad Autónoma de Buenos Aires",,,
"Av. Estado de Israel 4460 (carriles 3, 4 y 5 sentido ascendente) de la Ciudad Autónoma de Buenos Aires",,,
"Av. Directorio N° 3078 (carriles 2, 3 y 4 sentido ascendente) de la Ciudad Autónoma de Buenos AiresCABA unico sent",,,
"Av. Circunvalación y Sampayo (carriles 1 y 2 sentido ascendente) de la localidad de Junín, provincia de Buenos Aires",,,
"Ruta Provincial Nº 31 km 123,5, Salto, Provincia de Buenos Aires. Sentido: ascendente",,,
"Ruta Provincial Nº 31 km 123,5, Salto, Provincia de Buenos Aires. Sentido: ascendente C1 y C2",,,
"Avenida Benavidez Nº 3850, Tigre. Provincia de Buenos Aires. Sentido ascendente",,,
"Av. Almirante Brown N° 6400 de la localidad de Santa Fe de la Vera Cruz, provincia de Santa Fe.",,,
Holmberg N° 3015 (carril sentido ascendente) de la Ciudad Autónoma de Buenos Aires,,,
Av. Elcano N° 4510 (carril sentido descendente) de la Ciudad Autónoma de Buenos Aires,,,
"Ruta Provincial N° 7 - km 40,8 (carril sentido ascendente - afluente), en jurisdicción de la localidad de San Patricio del Chañar, provincia de Neuquén",,,
"Ruta Provincial N° 7 - km 50,6 (carril sentido descendente - efluente), en jurisdicción de la localidad de San Patricio del Chañar, provincia de Neuquén",,,
"Ruta Provincial N° 18 - km 10,8 (carril sentido ascendente - efluente), en jurisdicción de la localidad de Álvarez, provincia de Santa Fe",,,
"Marcial Candiotti N° 2783 de la ciudad de Santa Fe de la Vera Cruz, provincia de Santa Fe",,,
"Ruta Nacional N° 12 - km 1004,13 (carril sentido ascendente - afluente), en jurisdicción de la localidad de El Sombrero, provincia de Corrientes",,,
"Ruta Nacional N° 12 - km 1004,58 (carril sentido descendente - afluente), en jurisdicción de la localidad de El Sombrero, provincia de Corrientes",,,
"R.P. 2 km 323,7 carril 2 descendente Gral Piran",,,
"R.P. 2 km 340,9 carril 2 descendente - Coronel vidal",,,
"R.P. 2 km 340,9 carril 2 ascendente - Coronel vidal",,,
"Ruta prov. 11 km 410,5 Ascendente Villa Gesell Bs.As.",,,
"R. P. 11 km 410,5 Carril 1 - asc. Villa Gesell - Bs As.",,,
"R.P. 2 km 116 , carril 2 Ascendente - Chascomus",,,
R.P. 215 cruce R.P. 16 desc. Carril 1 Gobernador Udaondo,,,
"Ruta Provincial Nº 2, km 156,2 Lezama, Pcia. de Buenos Aires,sentido de circulación: Desc",,,
"Ruta Provincial Nº 2, km 156,2 Lezama, Pcia. de Buenos Aires, sentido de circulación: Desc",,,
,,,
"RP 63 km 8,8 Desc. Dolores C2",,,
"Ruta prov. 2 km 156,2 Asc. Carril 1 Lezama",,,
"Ruta prov. 2 km 156,2 Asc. Lezama",,,
"RP 6 km 185,1 Sentido ascendente C2 , Campana",,,
"Ruta Pcial 74 km 18,2 Gral. Madariaga Bs.As. Desc.",,,
"Ruta Prov.74 18,2 Carril 2 Desc. Gral Madariaga",,,
"Ruta Nac 33 km 632,5 Venado Tuerto, Pcia. de Santa Fe",,,
"Ruta Nac 33 km 632,5 esquina Balcarce, Venado Tuerto, Pcia. de Santa Fé, sentido de circulación Firmat - Rufino.",,,
"Av. Ovidio Lagos 1100 (Ruta Nac. 8), esquina Vuelta de 
Obligado,Pergamino.Venado Tuerto, Pcia. de Santa Fé, sentido de circulación Río Cuarto -",,,
"Av. Ovidio Lagos 1100 (Ruta Nac. 8), esquina Vuelta de Obligado,Venado Tuerto, Pcia. de Santa Fé, sentido de circulación Río Cuarto -Pergamino.",,,
"Bv. España 610 Sanford, Pcia. de Santa Fe",,,
"Bv. España 699 (Ruta Nac. 33) esquina 25 de Mayo, Sanford, Pcia. de Santa Fe, ambos sentidos",,,
"Bv. España 699 (Ruta Nac. 33), esquina 25 de Mayo, Sanford, Pcia. de Santa Fe, 1 solo sentido de circulación Casilda - Chabas",,,
"D` Aloisio (Ex Bv. España) 699 (Ruta Nac. 33), esquina Moreno (ex 25 de Mayo), Sanford, Pcia. de Santa Fe, 1 solo sentido de circulación Casilda - Chabas",,,
"Av. J.R. Rodriguez 100 Pujato, Pcia. de Santa Fe",,,
"Av. J.R. Rodriguez 100 (Ruta Nac 33) Pujato, Pcia. de Santa Fe,sentido de circulación Casilda - Rosario",,,
"Av. J.R. Rodriguez 100 (Ruta Nac 33) Pujato, Pcia. de Santa Fe, sentido de circulación Casilda - Rosario",,,
"Av. 9 de Julio 760 Firmat, Pcia. de Santa Fe",,,
"Av. 9 de Julio 760 (RN 33) Firmat, Pcia. de Santa Fe",,,
"Av. Marcos Ciani 2300 (Ruta Nac. 8), esquina Dimmer, Venado Tuerto, Pcia. de Santa Fé, sentido de circulación Pergamino - Río Cuarto.",,,
"Ruta Nacional 33 - km 726,5 (carril con sentido de circulación ascendente), en jurisdicción de la localidad de Sanford, provincia de Santa Fe",,,
"Ruta Nac 33 km 755 Pujato, Pcia. de Santa Fe",,,
"Av. J.R. Rodriguez 800 (Ruta Nac 33 km 755) Pujato, Pcia. de Santa Fe",,,
"Av. J.R. Rodriguez 800 (Ruta Nacional 33 km 755) Esquina L. de la Torre,Pujato, Pcia. de Santa Fe, sentido de circulación Rosario - Casilda.",,,
"Av. J.R. Rodriguez 800 (Ruta Nac 33 km 755) Esquina L. de la Torre, Pujato, Pcia. de Santa Fe, sentido de circulación Rosario - Casilda.",,,
"Ruta Nac 33 km 631,5 Venado Tuerto, Pcia. de Santa Fe",,,
"Ruta Nac 33 km 631,5 esquina Dr. Luis Chapuis, Venado Tuerto,Pcia. de Santa Fe, sentido de circulación Rufino - Firmat o Firmat -Rufino.",,,
"Ruta Nac 33 km 631,5 esquina Dr. Luis Chapuis, Venado Tuerto, Pcia. de Santa Fe, sentido de circulación Rufino - Firmat o Firmat -Rufino.",,,
"Ruta provincial Nº 2, km 180, Castelli, Pcia. de Buenos Aires, sentido de circulación: Mar del Plata - Lezama",,,
"Ruta provincial Nº 2, km 180, Castelli, Pcia. de Buenos Aires, sentido de circulación: Lezama - Mar del Plata",,,
"Ruta provincial Nº 2, km 41,95, Berazategui, Pcia. de Buenos Aires,sentido de circulación: Capital Federal - Mar del Plata",,,
"Ruta provincial Nº 2, km 41,95, Berazategui, Pcia. de Buenos Aires,sentido de circulación Capital Federal - Mar del Plata.",,,
"Ruta provincial Nº 2, km 41,95, Berazategui, Pcia. de Buenos Aires, sentido de circulación Capital Federal - Mar del Plata.",,,
"Ruta provincial Nº 2, km 41,95, Berazategui, Pcia. de Buenos Aires,sentido de circulación: CABA - Mar del Plata",,,
"Ruta provincial Nº 2, km 41,95, Berazategui, Pcia. de Buenos Aires, sentido de circulación: CABA - Mar del Plata",,,
